Y_绘图位置,X_到达时间（h）,X_开始时间（h）,X_结束时间（h）,类别_任务类型,类别_特征分支,类别_执行区域,类别_调度状态,标签_任务ID,标签_显示文本
11,2386,2386,2389.333333,实时推理,典型即到即执行,RegionD,到达即执行,19264,ID 19264｜典型｜4 GPU
10,2381,2381,2387.583333,实时推理,长时高负载,RegionA,到达即执行,43240,ID 43240｜长时高负载｜7 GPU
9,2399,2399,2405.600000,实时推理,终端收尾,RegionA,到达即执行,41451,ID 41451｜终端收尾｜4 GPU
7,2387,2387,2390.366667,批量推理,典型即到即执行,RegionB,到达即执行,33356,ID 33356｜典型｜14 GPU
6,2379,2379,2384.566667,批量推理,长时高负载,RegionC,到达即执行,10622,ID 10622｜长时高负载｜23 GPU
5,2399,2399,2404.700000,批量推理,终端收尾,RegionC,到达即执行,46942,ID 46942｜终端收尾｜11 GPU
3,2386,2386,2388.866667,AI训练,典型即到即执行,RegionE,到达即执行,15694,ID 15694｜典型｜63 GPU
2,2399,2399,2405.150000,AI训练,高负载终端收尾,RegionE,到达即执行,38894,ID 38894｜终端收尾｜115 GPU
1,2388,2389,2394.333333,AI训练,本地顺延代表,RegionF,延期调整,27293,ID 27293｜延期1 h｜50 GPU
