iter,active_columns,cuts,lp_lb_cny,energy_cost_cny,theta_cny,violation_cny,new_columns,min_reduced_cost,rss_gib,elapsed_min,eta_min
1,66809,1,-401445986.2135183,-401445986.2135176,-401445986.2135183,7.152557373046875e-07,16809,-65150.449152,0.1718292236328125,0.8101874748865764,81017.93730118276
2,66809,2,-419020280.88460016,-405006610.6541001,-419020280.88460016,14013670.230500042,0,0.0,0.17578887939453125,0.8542112747828166,42709.70952786604
3,66809,3,-413601750.83375317,-410277802.3270745,-413601750.83375317,3323948.506678641,0,0.0,0.18303298950195312,0.8987759073575338,29958.29813601043
4,66809,4,-413368955.74290645,-410123625.47077066,-413368955.74290645,3245330.272135794,0,0.0,0.18297195434570312,0.9439608931541443,23598.078367960454
5,66809,5,-413026946.2726185,-409680525.62785715,-413026946.2726185,3346420.644761324,0,0.0,0.18832778930664062,0.9902275005976359,19803.55978445212
6,66809,6,-412622771.1154805,-410022117.2306329,-412622771.1154805,2600653.8848475814,0,0.0,0.18894577026367188,1.0373915394147237,17288.82159870598
7,66809,7,-412528858.6015021,-410073329.5589439,-412528858.6015021,2455529.042558193,0,0.0,0.19066619873046875,1.085182281335195,15501.51883679288
8,66809,8,-412449615.94712526,-410316605.68491924,-412449615.94712526,2133010.262206018,0,0.0,0.23760223388671875,1.1341832041740418,14176.15586897135
9,66809,9,-412404582.83891827,-410656929.0704466,-412404582.83891827,1747653.7684716582,0,0.0,0.247528076171875,1.2034180680910747,13370.108449610516
10,66809,10,-412377693.6389395,-410660090.0765443,-412377693.6389395,1717603.562395215,0,0.0,0.19734954833984375,1.3000194470087687,12998.894450640677
11,66809,11,-412345148.1186354,-410704612.4826403,-412345148.1186354,1640535.63599509,0,0.0,0.2451934814453125,1.398237144947052,12709.848535100982
12,66809,12,-412323151.8833068,-410617492.2418432,-412323151.8833068,1705659.6414635777,0,0.0,0.24966812133789062,1.4626742800076802,12187.489659117327
13,66809,13,-412301909.3544336,-410948435.08412427,-412301909.3544336,1353474.270309329,0,0.0,0.2515144348144531,1.5183362205823263,11677.991052874235
14,66809,14,-412291722.76361996,-411070178.5894159,-412291722.76361996,1221544.1742040515,0,0.0,0.2581367492675781,1.5739803751309713,11241.142984846092
15,66809,15,-412283517.1643224,-411049935.7499765,-412283517.1643224,1233581.4143458605,0,0.0,0.2553443908691406,1.6297582825024923,10863.42545840078
16,66809,16,-412275467.77751577,-411144333.4150028,-412275467.77751577,1131134.3625129461,0,0.0,0.25739288330078125,1.6872429410616556,10543.581138694286
17,66809,17,-412267395.8847622,-411162567.9393484,-412267395.8847622,1104827.945413828,0,0.0,0.21060943603515625,1.7456766486167907,10266.940491685446
18,66809,18,-412259494.117604,-411125845.8823612,-412259494.117604,1133648.2352428436,0,0.0,0.26312255859375,1.804261895020803,10021.872932664995
19,66809,19,-412254280.02772576,-411006619.8005391,-412254280.02772576,1247660.2271866798,0,0.0,0.265472412109375,1.8645798484484355,9811.71356988016
20,66809,20,-412245707.0410637,-411078071.33012134,-412245707.0410637,1167635.7109423876,0,0.0,0.2650260925292969,1.9259336153666178,9627.742143217723
21,66809,21,-412240040.923917,-410909272.7625342,-412240040.923917,1330768.1613827944,0,0.0,0.27008819580078125,1.9872045715649922,9460.891707642682
22,66809,22,-412235858.69599617,-411165742.4481557,-412235858.69599617,1070116.247840464,0,0.0,0.2679634094238281,2.050477687517802,9318.3026473934
23,66809,23,-412232889.2350554,-411137152.9639809,-412232889.2350554,1095736.2710744739,0,0.0,0.2724151611328125,2.1137142101923625,9187.948069234862
24,66809,24,-412230043.4087529,-411210203.26563853,-412230043.4087529,1019840.143114388,0,0.0,0.21426010131835938,2.177363069852193,9070.168761314286
25,66809,25,-412227761.5583801,-411116940.0191172,-412227761.5583801,1110821.5392629504,0,0.0,0.27227020263671875,2.2425387064615885,8967.912287139892
26,66809,26,-412224430.6443752,-411284458.4677707,-412224430.6443752,939972.1766045094,0,0.0,0.26892852783203125,2.3083088715871174,8875.80273569425
27,66809,27,-412222437.457868,-411372609.0170636,-412222437.457868,849828.4408043623,0,0.0,0.2663459777832031,2.376319074630737,8798.80543881699
28,66809,28,-412220480.38525146,-411328883.0903707,-412220480.38525146,891597.2948807478,0,0.0,0.2711982727050781,2.445021144549052,8729.773352244922
29,66809,29,-412219082.38329756,-411247269.67108995,-412219082.38329756,971812.7122076154,0,0.0,0.2707672119140625,2.5147706707318624,8669.108231852932
30,66809,30,-412217619.89057237,-411367159.6533159,-412217619.89057237,850460.2372564673,0,0.0,0.26992034912109375,2.5878440817197164,8623.559094984
31,66809,31,-412215739.30165166,-411328010.8600796,-412215739.30165166,887728.4415720701,0,0.0,0.2751884460449219,2.6615106582641603,8582.85674180677
32,66809,32,-412213494.2052303,-411338253.28547686,-412213494.2052303,875240.9197534323,0,0.0,0.2734260559082031,2.745344412326813,8576.455944108964
33,66809,33,-412210823.0586331,-411170983.17164916,-412210823.0586331,1039839.8869839311,0,0.0,0.222442626953125,2.82688068151474,8563.478214817696
34,66809,34,-412207780.97131556,-411150865.7392076,-412207780.97131556,1056915.2321079373,0,0.0,0.2764434814453125,2.9172250350316364,8577.156407410957
35,66809,35,-412205116.96937394,-411301266.2109127,-412205116.96937394,903850.758461237,0,0.0,0.2766075134277344,2.996800450483958,8559.290200932253
36,66809,36,-412203707.40582764,-411486395.41519445,-412203707.40582764,717311.9906331897,0,0.0,0.27507781982421875,3.076452887058258,8542.626011163658
37,66809,37,-412202804.50246537,-411534736.3125228,-412202804.50246537,668068.1899425387,0,0.0,0.2709617614746094,3.2097269733746847,8671.728038904152
38,66809,38,-412202026.63167995,-411444701.41453004,-412202026.63167995,757325.2171499133,0,0.0,0.2767219543457031,3.433972903092702,9033.336824709282
39,66809,39,-412201381.8936712,-411457298.111742,-412201381.8936712,744083.7819291949,0,0.0,0.2822914123535156,3.6634771784146625,9389.867749525849
40,66809,40,-412200234.823968,-411419817.534597,-412200234.823968,780417.2893710136,0,0.0,0.2806358337402344,3.897256032625834,9739.24282553196
41,66809,41,-412199104.2574315,-411445308.51128274,-412199104.2574315,753795.7461487651,0,0.0,0.28321075439453125,4.1071446975072226,10013.318946783524
42,66809,42,-412197965.49483836,-411402347.90698165,-412197965.49483836,795617.58785671,0,0.0,0.22346115112304688,4.330136513710022,10305.518705653007
43,66809,43,-412196423.84421045,-411443660.9933731,-412196423.84421045,752762.8508373499,0,0.0,0.2845420837402344,4.557694967587789,10594.732927329596
44,66809,44,-412195203.2471491,-411531112.65980864,-412195203.2471491,664090.5873404741,0,0.0,0.28565216064453125,4.805844600995382,10917.568248570327
45,66809,45,-412194072.6935415,-411519507.64596146,-412194072.6935415,674565.0475800633,0,0.0,0.2830009460449219,5.059726242224375,11238.77636758972
46,66809,46,-412192322.96702087,-411377390.2936159,-412192322.96702087,814932.6734049916,0,0.0,0.2849082946777344,5.214188023408254,11329.977167211926
47,66809,47,-412190544.50611275,-411390277.8400334,-412190544.50611275,800266.6660793424,0,0.0,0.28583526611328125,5.320974087715149,11315.900489136005
48,66809,48,-412189345.1064965,-411504204.3913761,-412189345.1064965,685140.7151204348,0,0.0,0.2871131896972656,5.437791204452514,11323.293884738285
49,66809,49,-412188494.78003037,-411483068.3454479,-412188494.78003037,705426.4345824718,0,0.0,0.29035186767578125,5.6344348907470705,11493.2122809196
50,66809,50,-412187190.499498,-411434286.2090329,-412187190.499498,752904.2904651165,0,0.0,0.29119873046875,5.89361234108607,11781.331069831054
51,66809,51,-412186261.36888146,-411516476.55421495,-412186261.36888146,669784.8146665096,0,0.0,0.28730010986328125,6.179395238558452,12110.281856836837
52,66809,52,-412185755.4201851,-411572093.35433185,-412185755.4201851,613662.0658532381,0,0.0,0.2895698547363281,6.451162652174632,12399.630860760579
53,66809,53,-412185365.2849776,-411633800.2450311,-412185365.2849776,551565.0399464965,0,0.0,0.29048919677734375,6.724250268936157,12680.540408101173
54,66809,54,-412185014.7298922,-411667095.6050839,-412185014.7298922,517919.12480831146,0,0.0,0.29030609130859375,7.012882455190023,12979.806479007817
55,66809,55,-412184717.45690227,-411595356.42460567,-412184717.45690227,589361.032296598,0,0.0,0.22977447509765625,7.304597119490306,13273.781074681065
56,66809,56,-412184214.8003223,-411597622.49854845,-412184214.8003223,586592.3017738461,0,0.0,0.2986259460449219,7.592031176884969,13549.606498974847
57,66809,57,-412183516.89524984,-411494808.6981476,-412183516.89524984,688708.1971022487,0,0.0,0.29796600341796875,7.903741172949473,13858.308842948933
58,66809,58,-412181924.9953697,-411475150.0202354,-412181924.9953697,706774.9751342535,0,0.0,0.22872161865234375,8.19792497952779,14126.155487999422
59,66809,59,-412180347.65925425,-411549598.48654723,-412180347.65925425,630749.1727070212,0,0.0,0.299957275390625,8.502003073692322,14401.672698099734
60,66809,60,-412179165.68207973,-411540038.80624205,-412179165.68207973,639126.8758376837,0,0.0,0.30066680908203125,8.80297418832779,14662.820673024657
61,66809,61,-412178077.5125767,-411488044.2560859,-412178077.5125767,690033.2564908266,0,0.0,0.3036651611328125,8.924040122826893,14620.649931724538
62,66809,62,-412176527.94363445,-411521558.71556944,-412176527.94363445,654969.2280650139,0,0.0,0.3007850646972656,9.030674775441488,14556.573801743087
63,66809,63,-412175505.0091919,-411521035.98521405,-412175505.0091919,654469.0239778161,0,0.0,0.30490875244140625,9.143453574180603,14504.274918141062
64,66809,64,-412174624.1837198,-411640115.53527015,-412174624.1837198,534508.6484496593,0,0.0,0.3052177429199219,9.253485361735025,14449.317392349241
65,66809,65,-412174150.24281025,-411678868.9384825,-412174150.24281025,495281.30432772636,0,0.0,0.3054161071777344,9.36365799109141,14396.264020611075
66,66809,66,-412173610.62664014,-411649930.0273426,-412173610.62664014,523680.5992975235,0,0.0,0.3034782409667969,9.575944368044535,14499.43067388125
67,66809,67,-412173020.4144923,-411606762.83981675,-412173020.4144923,566257.57467556,0,0.0,0.3052711486816406,9.89782945315043,14762.981951368387
68,66809,68,-412171818.2814736,-411626875.4426666,-412171818.2814736,544942.8388069868,0,0.0,0.30458831787109375,10.228735832373301,15032.029841187186
69,66809,69,-412171002.3653731,-411598179.92112154,-412171002.3653731,572822.4442515373,0,0.0,0.306365966796875,10.566672666867573,15303.451685112224
70,66809,70,-412170258.8376846,-411573243.0182125,-412170258.8376846,597015.8194720745,0,0.0,0.3066291809082031,10.9033478418986,15565.307854870389
71,66809,71,-412169432.7318832,-411625202.52460855,-412169432.7318832,544230.2072746754,0,0.0,0.23363876342773438,11.262473781903585,15851.376655659766
72,66809,72,-412168686.0061879,-411561585.07239705,-412168686.0061879,607100.9337908626,0,0.0,0.3093910217285156,11.628246700763702,16138.714393248822
73,66809,73,-412167790.70782274,-411575897.91253066,-412167790.70782274,591892.7952920794,0,0.0,0.3098907470703125,11.91965518395106,16316.375117351747
74,66809,74,-412167037.6242472,-411625056.17827123,-412167037.6242472,541981.4459759593,0,0.0,0.3091773986816406,12.041543960571289,16260.315159514144
75,66809,75,-412166496.92065024,-411683860.52522135,-412166496.92065024,482636.39542889595,0,0.0,0.3071556091308594,12.386729236443838,16503.252252688675
76,66809,76,-412166064.54912096,-411687931.28603053,-412166064.54912096,478133.2630904317,0,0.0,0.3063163757324219,12.745784330368043,16758.023071417058
77,66809,77,-412165633.23414963,-411616207.7167024,-412165633.23414963,549425.5174472332,0,0.0,0.3082122802734375,13.005146642525991,16876.795687806814
78,66809,78,-412164740.80619675,-411607205.6985958,-412164740.80619675,557535.1076009274,0,0.0,0.30844879150390625,13.269373567899068,16998.748021174495
79,66809,79,-412164058.50555974,-411654957.6927511,-412164058.50555974,509100.81280863285,0,0.0,0.30683135986328125,13.647028303146362,17261.0723427682
80,66809,80,-412163663.17257863,-411726559.89751273,-412163663.17257863,437103.2750658989,0,0.0,0.3080177307128906,14.040101317564647,17536.08654563824
81,66809,81,-412163339.59626454,-411700966.4192909,-412163339.59626454,462373.1769736409,0,0.0,0.31031036376953125,14.454492644468944,17830.598154848056
82,66809,82,-412163087.6804343,-411692662.29511905,-412163087.6804343,470425.38531523943,0,0.0,0.3118858337402344,14.857803948720296,18104.415304246762
83,66809,83,-412162876.84001255,-411682321.47490656,-412162876.84001255,480555.3651059866,0,0.0,0.3132667541503906,15.25841952562332,18368.379563153077
84,66809,84,-412162411.5228866,-411664788.2152386,-412162411.5228866,497623.3076480031,0,0.0,0.3099403381347656,15.391409456729889,18307.71508665028
85,66809,85,-412162096.0279015,-411705001.83342713,-412162096.0279015,457094.1944743395,0,0.0,0.3114433288574219,15.52606995900472,18250.438587693607
86,66809,86,-412161705.36440694,-411629828.4505987,-412161705.36440694,531876.9138082266,0,0.0,0.3125267028808594,15.659516723950704,18193.080859962916
87,66809,87,-412161317.3716791,-411726682.2026835,-412161317.3716791,434635.1689956188,0,0.0,0.3141059875488281,15.79424146413803,18138.506292027854
88,66809,88,-412161028.18156624,-411659220.0694024,-412161028.18156624,501808.1121638417,0,0.0,0.31600189208984375,15.929449780782063,18085.718028380652
89,66809,89,-412160658.9212629,-411632565.70708615,-412160658.9212629,528093.214176774,0,0.0,0.3166160583496094,16.064907936255135,18034.393447406594
90,66809,90,-412160033.9955972,-411713148.51967347,-412160033.9955972,446885.475923717,0,0.0,0.31656646728515625,16.20023504495621,17984.060926017497
91,66809,91,-412159785.16516334,-411744881.1672646,-412159785.16516334,414903.99789875746,0,0.0,0.31856536865234375,16.340682939688364,17940.453756278293
92,66809,92,-412159499.97105414,-411712447.4328276,-412159499.97105414,447052.53822654486,0,0.0,0.317596435546875,16.483378974596658,17900.2328977609
93,66809,93,-412159058.1250918,-411716246.8982329,-412159058.1250918,442811.2268589139,0,0.0,0.31926727294921875,16.62505023876826,17859.773055963662
94,66809,94,-412158613.23957914,-411695235.6537807,-412158613.23957914,463377.58579844236,0,0.0,0.31914520263671875,16.769113969802856,17822.713832628982
95,66809,95,-412158228.3297473,-411711316.5088992,-412158228.3297473,446911.82084810734,0,0.0,0.3190460205078125,16.91447373231252,17787.794718175603
96,66809,96,-412157853.8127088,-411708847.0315602,-412157853.8127088,449006.7811486125,0,0.0,0.3208465576171875,17.05804693698883,17751.740845759712
97,66809,97,-412157459.4121268,-411731412.7081854,-412157459.4121268,426046.7039414048,0,0.0,0.3215141296386719,17.203686424096425,17718.55551367531
98,66809,98,-412157073.41205555,-411725890.8320382,-412157073.41205555,431182.58001732826,0,0.0,0.24484634399414062,17.351476311683655,17688.236596834904
99,66809,99,-412156648.34090483,-411716989.6381076,-412156648.34090483,439658.70279723406,0,0.0,0.3229637145996094,17.503489895661673,17662.789334005018
100,66809,100,-412156320.22460735,-411706470.1159882,-412156320.22460735,449850.1086191535,0,0.0,0.32488250732421875,17.653436716397604,17635.783279681204
101,66809,101,-412155901.5859865,-411691319.0523238,-412155901.5859865,464582.5336626768,0,0.0,0.3216590881347656,17.80641009012858,17612.302590037176
102,66809,102,-412155572.9344113,-411702486.3684449,-412155572.9344113,453086.5659663677,0,0.0,0.3218536376953125,17.958350086212157,17588.26722463159
103,66809,103,-412155362.596771,-411744915.97228384,-412155362.596771,410446.62448716164,0,0.0,0.3242835998535156,18.113883272806802,17568.180556345447
104,66809,104,-412154966.5903841,-411732952.2317729,-412154966.5903841,422014.3586112261,0,0.0,0.3236274719238281,18.26882621049881,17547.910222346047
105,66809,105,-412154716.3434876,-411811472.2174257,-412154716.3434876,343244.12606191635,0,0.0,0.3246002197265625,18.422470684846243,17526.787705359195
106,66809,106,-412154407.5395931,-411757955.7338749,-412154407.5395931,396451.8057181835,0,0.0,0.3232841491699219,18.581873834133148,17511.487781008458
107,66809,107,-412154251.48387146,-411784102.0930726,-412154251.48387146,370149.39079886675,0,0.0,0.324951171875,18.74259717464447,17497.703360437008
108,66809,108,-412154103.24442464,-411821142.98323303,-412154103.24442464,332960.2611916065,0,0.0,0.3261375427246094,19.201286911964417,17759.768076018052
109,66809,109,-412153917.34573126,-411756238.7937557,-412153917.34573126,397678.55197554827,0,0.0,0.327362060546875,19.6801989197731,18035.54816784454
110,66809,110,-412153728.1658178,-411793055.5041098,-412153728.1658178,360672.6617079973,0,0.0,0.32735443115234375,20.188161365191142,18332.685806990394
111,66809,111,-412153507.36211246,-411807785.93255216,-412153507.36211246,345721.4295603037,0,0.0,0.3265342712402344,20.66679583787918,18598.068193242463
112,66809,112,-412153274.21987665,-411803417.8962284,-412153274.21987665,349856.32364827394,0,0.0,0.3277397155761719,21.180934830506644,18890.368020978996
113,66809,113,-412153097.83476496,-411859035.52282566,-412153097.83476496,294062.3119392991,0,0.0,0.2532005310058594,21.68006414969762,19164.217413458817
114,66809,114,-412153010.42517734,-411821409.2936099,-412153010.42517734,331601.1315674186,0,0.0,0.32723236083984375,22.178959119319916,19433.04833852973
115,66809,115,-412152922.8914099,-411824076.22257453,-412152922.8914099,328846.66883534193,0,0.0,0.32776641845703125,22.694566988945006,19711.711510354537
116,66809,116,-412152850.9928999,-411837439.95763844,-412152850.9928999,315411.0352614522,0,0.0,0.3271331787109375,23.245347142219543,20015.847016840144
117,66809,117,-412152762.2077271,-411827797.7344262,-412152762.2077271,324964.47330087423,0,0.0,0.32802581787109375,23.811931069691976,20328.265906273875
118,66809,118,-412152698.4034374,-411814033.5907402,-412152698.4034374,338664.81269717216,0,0.0,0.32869720458984375,24.357608822981515,20617.68376658508
119,66809,119,-412152583.2499707,-411865443.42955583,-412152583.2499707,287139.8204148412,0,0.0,0.3303794860839844,24.874254417419433,20877.860550136727
120,66809,120,-412152456.28054863,-411813651.4755967,-412152456.28054863,338804.8049519062,0,0.0,0.3317298889160156,25.428670370578764,21165.12997177839
121,66809,121,-412152291.913924,-411816923.40361243,-412152291.913924,335368.51031154394,0,0.0,0.3311424255371094,25.716980493068696,21227.985906340564
122,66809,122,-412152110.74846965,-411856091.99918425,-412152110.74846965,296018.7492853999,0,0.0,0.33007049560546875,25.912734425067903,21214.033515630592
123,66809,123,-412151998.19692355,-411849321.4224095,-412151998.19692355,302676.7745140791,0,0.0,0.3299903869628906,26.1004794160525,21193.801484854273
124,66809,124,-412151829.5618802,-411827528.92200637,-412151829.5618802,324300.63987380266,0,0.0,0.3310890197753906,26.283480858802797,21170.072050433777
125,66809,125,-412151599.80876106,-411772505.146719,-412151599.80876106,379094.66204208136,0,0.0,0.3322410583496094,26.473501873016357,21152.32799654007
126,66809,126,-412151425.386609,-411817811.1931137,-412151425.386609,333614.1934953332,0,0.0,0.33246612548828125,26.666958848635357,21137.586095623872
127,66809,127,-412151270.28265166,-411797363.81109494,-412151270.28265166,353906.4715567231,0,0.0,0.3328857421875,26.860807128747304,21123.381026530547
128,66809,128,-412151071.9578881,-411819033.33661205,-412151071.9578881,332038.6212760806,0,0.0,0.3058128356933594,27.060178164641062,21113.70401296119
129,66809,129,-412150924.3290023,-411839462.623189,-412150924.3290023,311461.7058133483,0,0.0,0.3062095642089844,27.251437735557555,21097.894093704406
130,66809,130,-412150811.74830216,-411854603.95177764,-412150811.74830216,296207.7965245247,0,0.0,0.30780792236328125,27.460013631979624,21095.627395583117
131,66809,131,-412150732.3070208,-411877617.553897,-412150732.3070208,273114.7531237602,0,0.0,0.3059234619140625,27.66726803779602,21092.384669211075
132,66809,132,-412150608.82203764,-411865383.01021665,-412150608.82203764,285225.8118209839,0,0.0,0.30506134033203125,27.878447286287944,21092.157375659124
133,66809,133,-412150460.4028845,-411768783.202697,-412150460.4028845,381677.2001875043,0,0.0,0.3045692443847656,28.09052294890086,21092.603423593097
134,66809,134,-412150250.6324935,-411820291.1131429,-412150250.6324935,329959.5193505883,0,0.0,0.3067131042480469,28.32124240398407,21106.934282957263
135,66809,135,-412150127.12674826,-411857155.0340271,-412150127.12674826,292972.0927211642,0,0.0,0.305816650390625,28.544514536857605,21115.54032757989
136,66809,136,-412149984.32515407,-411872376.1311109,-412149984.32515407,277608.1940431595,0,0.0,0.3071174621582031,28.76716385682424,21123.55920145512
137,66809,137,-412149855.89451945,-411870862.8313776,-412149855.89451945,278993.0631418228,0,0.0,0.30693817138671875,28.976273159186047,21121.58807661165
138,66809,138,-412149742.3921417,-411877024.5382538,-412149742.3921417,272717.8538879156,0,0.0,0.3085975646972656,29.186420329411824,21120.393528519737
139,66809,139,-412149634.8780219,-411868446.2698538,-412149634.8780219,281188.60816812515,0,0.0,0.3098030090332031,29.38729180494944,21112.54925851839
140,66809,140,-412149509.38207275,-411893020.2344705,-412149509.38207275,256489.1476022601,0,0.0,0.30873870849609375,29.687689626216887,21175.804900528703
141,66809,141,-412149400.672687,-411891242.65751183,-412149400.672687,258158.01517516375,0,0.0,0.3099250793457031,30.063532145818076,21291.59047198048
142,66809,142,-412149350.11327595,-411894571.9968137,-412149350.11327595,254778.11646223068,0,0.0,0.2130584716796875,0.3021481434504191,212.47823456811233
143,66809,143,-412149270.92116576,-411851140.09999037,-412149270.92116576,298130.82117539644,0,0.0,0.2191925048828125,0.5525943517684937,385.87702226955577
144,66809,144,-412149205.80251795,-411818110.5337576,-412149205.80251795,331095.2687603235,0,0.0,0.22502899169921875,0.9347425500551859,648.1920283216017
145,66809,145,-412149062.8530934,-411843454.1920593,-412149062.8530934,305608.6610341072,0,0.0,0.224151611328125,1.1876915574073792,817.9099342407851
146,66809,146,-412148968.5475108,-411875213.7743413,-412148968.5475108,273754.7731695175,0,0.0,0.23043441772460938,1.4162944475809733,968.6483956763734
147,66809,147,-412148785.68760896,-411874025.5524748,-412148785.68760896,274760.1351341605,0,0.0,0.2720298767089844,1.9661370595296224,1335.5420667021183
148,66809,148,-412148674.22146744,-411904079.07538265,-412148674.22146744,244595.14608478546,0,0.0,0.27515411376953125,2.5656787037849424,1731.001013042798
149,66809,149,-412148575.58927715,-411878146.6514171,-412148575.58927715,270428.93786007166,0,0.0,0.2819786071777344,3.0529170552889506,2045.8847039440068
150,66809,150,-412148410.4961274,-411890047.41154647,-412148410.4961274,258363.0845809579,0,0.0,0.2830162048339844,3.5954319993654886,2393.3592342442935
151,66809,151,-412148285.1008446,-411861322.04310954,-412148285.1008446,286963.0577350855,0,0.0,0.28849029541015625,4.2761325200398765,2827.599708565971
152,66809,152,-412148191.7988534,-411860952.9692247,-412148191.7988534,287238.829628706,0,0.0,0.29113006591796875,4.764702296257019,3129.907861030729
153,66809,153,-412148108.1662978,-411875644.1176058,-412148108.1662978,272464.048691988,0,0.0,0.2929649353027344,5.4531090219815574,3558.6704347568143
154,66809,154,-412148002.8467424,-411874112.0322614,-412148002.8467424,273890.81448102,0,0.0,0.29488372802734375,6.1197644710540775,3967.7532686809445
155,66809,155,-412147834.6305553,-411856948.3599109,-412147834.6305553,290886.27064436674,0,0.0,0.29773712158203125,6.8104323188463844,4387.016870162693
156,66809,156,-412147675.12520385,-411861025.26585114,-412147675.12520385,286649.85935270786,0,0.0,0.297821044921875,7.2138417283693945,4617.0436764571405
157,66809,157,-412147534.71861476,-411849463.6774686,-412147534.71861476,298071.0411461592,0,0.0,0.3028526306152344,7.666649317741394,4875.549476632191
158,66809,158,-412147277.55019426,-411847500.8624749,-412147277.55019426,299776.6877193451,0,0.0,0.30127716064453125,8.400475255648296,5308.356015660995
159,66809,159,-412147066.8119808,-411855329.4556012,-412147066.8119808,291737.3563795686,0,0.0,0.3030242919921875,9.128672262032827,5732.174637192576
160,66809,160,-412146886.95444757,-411831542.7057133,-412146886.95444757,315344.24873429537,0,0.0,0.30541229248046875,9.864692421754201,6155.568071174622
161,66809,161,-412146676.8132474,-411892283.362699,-412146676.8132474,254393.45054841042,0,0.0,0.3120231628417969,10.60104292233785,6573.897666604277
162,66809,162,-412146512.6957386,-411866213.44999534,-412146512.6957386,280299.2457432747,0,0.0,0.3120269775390625,11.320573727289835,6976.687899908411
163,66809,163,-412146369.61696845,-411946876.45262074,-412146369.61696845,199493.16434770823,0,0.0,0.3138008117675781,12.084316889444986,7401.607026328338
164,66809,164,-412146273.30939627,-411914293.3581267,-412146273.30939627,231979.951269567,0,0.0,0.3145599365234375,12.797400907675426,7790.49583547978
165,66809,165,-412146185.23024905,-411926888.2616554,-412146185.23024905,219296.96859365702,0,0.0,0.31064605712890625,13.567468241850536,8209.140557122111
166,66809,166,-412146106.8073793,-411911658.54308915,-412146106.8073793,234448.26429015398,0,0.0,0.3136787414550781,14.340991981824239,8624.810804297838
167,66809,167,-412146009.672544,-411867593.87036777,-412146009.672544,278415.8021762371,0,0.0,0.31807708740234375,15.126321760813395,9042.551379325052
168,66809,168,-412145958.0147216,-411889226.85398585,-412145958.0147216,256731.16073572636,0,0.0,0.31402587890625,15.650960874557494,9300.397178743
169,66809,169,-412145883.8472288,-411862351.9608097,-412145883.8472288,283531.88641911745,0,0.0,0.26457977294921875,16.37163425286611,9670.985911821756
170,66809,170,-412145794.7117491,-411911876.1540449,-412145794.7117491,233918.55770415068,0,0.0,0.32030487060546875,17.183340382575988,10090.663943485652
171,66809,171,-412145745.20073396,-411924936.3026058,-412145745.20073396,220808.8981281519,0,0.0,0.31928253173828125,17.98691770633062,10500.678407633213
172,66809,172,-412145670.0120267,-411905107.7824727,-412145670.0120267,240562.22955399752,0,0.0,0.3201942443847656,18.787927118937173,10904.425514123604
173,66809,173,-412145521.0800827,-411911024.22537816,-412145521.0800827,234496.85470455885,0,0.0,0.3229408264160156,19.548934813340505,11280.413385036662
174,66809,174,-412145329.2570184,-411879033.0821025,-412145329.2570184,266296.17491590977,0,0.0,0.31868743896484375,20.28236393928528,11636.248635649956
175,66809,175,-412145192.8420994,-411896798.70511997,-412145192.8420994,248394.13697946072,0,0.0,0.31884765625,21.000448417663574,11979.255790247236
176,66809,176,-412145041.91022277,-411910033.0184824,-412145041.91022277,235008.89174038172,0,0.0,0.2638893127441406,21.76427934964498,12344.30353294864
177,66809,177,-412144980.2224308,-411888134.8743055,-412144980.2224308,256845.34812533855,0,0.0,0.31555938720703125,22.43332681655884,12651.762614742107
178,66809,178,-412144891.6968245,-411892635.96137685,-412144891.6968245,252255.7354476452,0,0.0,0.2647972106933594,23.231107580661774,13027.952926498987
179,66809,179,-412144782.965031,-411906805.41302013,-412144782.965031,237977.55201089382,0,0.0,0.3260345458984375,24.105113089084625,13442.438512097857
180,66809,180,-412144690.2013484,-411932658.32133305,-412144690.2013484,212031.88001537323,0,0.0,0.3272132873535156,24.860212457180022,13786.36893042061
181,66809,181,-412144618.59312594,-411903756.4429807,-412144618.59312594,240862.15014523268,0,0.0,0.3048744201660156,25.583247419198354,14108.80759191691
182,66809,182,-412144503.45795065,-411914433.64170235,-412144503.45795065,230069.8162482977,0,0.0,0.3070793151855469,26.31234889427821,14431.022208401442
183,66809,183,-412144400.3598519,-411913619.7873686,-412144400.3598519,230780.57248330116,0,0.0,0.30328369140625,27.150064361095428,14808.950679406898
184,66809,184,-412144329.1671008,-411923470.31788325,-412144329.1671008,220858.84921753407,0,0.0,0.3090782165527344,28.054754249254863,15219.094294258823
185,66809,185,-412144245.9985354,-411942022.9019085,-412144245.9985354,202223.09662687778,0,0.0,0.3094024658203125,28.969226507345834,15630.072128814727
186,66809,186,-412144170.50555956,-411922213.9514296,-412144170.50555956,221956.55412995815,0,0.0,0.3108711242675781,29.776333069801332,15979.004887253494
187,66809,187,-412144081.3310169,-411878030.2701881,-412144081.3310169,266051.06082880497,0,0.0,0.2505836486816406,30.625169010957084,16346.47055877358
188,66809,188,-412143994.683229,-411938159.22570235,-412143994.683229,205835.4575266838,0,0.0,0.2297821044921875,1.1815823912620544,627.3196895566392
189,66809,189,-412143883.63093406,-411917813.0538295,-412143883.63093406,226070.57710456848,0,0.0,0.23685455322265625,2.049896474679311,1082.5514128794534
190,66809,190,-412143747.4419883,-411918913.24416065,-412143747.4419883,224834.1978276372,0,0.0,0.23796844482421875,2.8284029841423033,1485.8047465644383
191,66809,191,-412143642.13272005,-411943293.81560266,-412143642.13272005,200348.31711739302,0,0.0,0.24460220336914062,3.73402054309845,1951.250556995357
192,66809,192,-412143531.09576803,-411945676.0133623,-412143531.09576803,197855.08240574598,0,0.0,0.24387359619140625,4.518822765350341,2349.034700854619
193,66809,193,-412143464.89602923,-411953287.2259652,-412143464.89602923,190177.67006403208,0,0.0,0.2913055419921875,5.306607369581858,2744.230889823091
194,66809,194,-412143405.49210113,-411947720.64175105,-412143405.49210113,195684.85035008192,0,0.0,0.28997802734375,6.106708172957102,3141.6810098461674
195,66809,195,-412143350.16980445,-411937046.4726801,-412143350.16980445,206303.697124362,0,0.0,0.2919960021972656,6.94098922808965,3552.5406662025007
196,66809,196,-412143298.95085084,-411950534.3375295,-412143298.95085084,192764.61332136393,0,0.0,0.2969245910644531,7.776790114243825,3959.973268173422
197,66809,197,-412143247.4631953,-411954175.8762756,-412143247.4631953,189071.58691972494,0,0.0,0.3001708984375,8.625394709904988,4369.747554480444
198,66809,198,-412143206.6249913,-411963608.89466465,-412143206.6249913,179597.73032665253,0,0.0,0.3020057678222656,9.251140201091767,4663.041890653336
199,66809,199,-412143162.6562965,-411933912.8164457,-412143162.6562965,209249.83985078335,0,0.0,0.3049583435058594,9.779544095198313,4904.564222336115
200,66809,200,-412143103.4867755,-411922193.28173375,-412143103.4867755,220910.20504176617,0,0.0,0.3043785095214844,10.578731048107148,5278.786793005467
201,66809,201,-412143053.2190459,-411966531.23318803,-412143053.2190459,176521.98585784435,0,0.0,0.26332855224609375,11.405402815341949,5662.9243560612495
