TaskID,SourceRegion,ExecutionRegion,ArrivalHour,StartHour,FinishTime,GPU_Demand,Duration_h,TaskType,Latency_ms,Moved,Delayed
3498,RegionB,RegionB,2376,2376,2377.1833333333334,2.0,1.1833333333333333,RealTimeInference,5.0,0,0
17820,RegionC,RegionC,2376,2376,2377.25,1.0,1.25,RealTimeInference,5.0,0,0
49940,RegionB,RegionB,2376,2376,2377.55,6.0,1.55,RealTimeInference,5.0,0,0
33742,RegionA,RegionA,2376,2376,2378.5833333333335,3.0,2.5833333333333335,RealTimeInference,5.0,0,0
41926,RegionC,RegionC,2376,2376,2379.6833333333334,6.0,3.683333333333333,RealTimeInference,5.0,0,0
31600,RegionB,RegionB,2376,2376,2381.05,3.0,5.05,RealTimeInference,5.0,0,0
7403,RegionD,RegionD,2376,2376,2382.233333333333,10.0,6.233333333333333,BatchInference,5.0,0,0
7902,RegionE,RegionE,2376,2376,2376.4333333333334,11.0,0.43333333333333335,BatchInference,5.0,0,0
9267,RegionE,RegionE,2376,2376,2376.366666666667,7.0,0.36666666666666664,BatchInference,5.0,0,0
14647,RegionA,RegionA,2376,2376,2377.233333333333,11.0,1.2333333333333334,BatchInference,5.0,0,0
18201,RegionE,RegionE,2376,2376,2376.6666666666665,16.0,0.6666666666666666,BatchInference,5.0,0,0
26377,RegionB,RegionB,2376,2376,2382.4333333333334,17.0,6.433333333333334,BatchInference,5.0,0,0
29779,RegionF,RegionF,2376,2376,2381.6,17.0,5.6,BatchInference,5.0,0,0
33422,RegionB,RegionB,2376,2376,2382.1833333333334,9.0,6.183333333333334,BatchInference,5.0,0,0
3809,RegionF,RegionF,2376,2376,2377.633333333333,32.0,1.6333333333333333,AITraining,5.0,0,0
9415,RegionD,RegionD,2376,2376,2377.4666666666667,119.0,1.4666666666666666,AITraining,5.0,0,0
11961,RegionE,RegionE,2376,2376,2380.1,111.0,4.1,AITraining,5.0,0,0
35335,RegionF,RegionF,2376,2376,2379.2166666666667,34.0,3.216666666666667,AITraining,5.0,0,0
42169,RegionF,RegionF,2376,2376,2381.9333333333334,58.0,5.933333333333334,AITraining,5.0,0,0
29589,RegionE,RegionE,2377,2377,2378.016666666667,5.0,1.0166666666666666,RealTimeInference,5.0,0,0
47993,RegionC,RegionC,2377,2377,2378.4666666666667,4.0,1.4666666666666666,RealTimeInference,5.0,0,0
49049,RegionB,RegionB,2377,2377,2378.633333333333,3.0,1.6333333333333333,RealTimeInference,5.0,0,0
20965,RegionA,RegionA,2377,2377,2379.633333333333,2.0,2.6333333333333333,RealTimeInference,5.0,0,0
44279,RegionB,RegionB,2377,2377,2379.85,1.0,2.85,RealTimeInference,5.0,0,0
4316,RegionA,RegionA,2377,2377,2381.366666666667,5.0,4.366666666666666,RealTimeInference,5.0,0,0
6423,RegionA,RegionA,2377,2377,2381.383333333333,7.0,4.383333333333334,RealTimeInference,5.0,0,0
22636,RegionF,RegionF,2377,2377,2381.1666666666665,2.0,4.166666666666667,RealTimeInference,5.0,0,0
6481,RegionA,RegionA,2377,2377,2383.45,6.0,6.45,RealTimeInference,5.0,0,0
45743,RegionB,RegionB,2377,2377,2383.5333333333333,2.0,6.533333333333333,RealTimeInference,5.0,0,0
22926,RegionA,RegionA,2377,2377,2380.4666666666667,19.0,3.466666666666667,BatchInference,5.0,0,0
25757,RegionE,RegionE,2377,2377,2382.366666666667,17.0,5.366666666666666,BatchInference,5.0,0,0
26783,RegionA,RegionA,2377,2377,2379.3,16.0,2.3,BatchInference,5.0,0,0
29785,RegionE,RegionE,2377,2377,2382.5333333333333,17.0,5.533333333333333,BatchInference,5.0,0,0
35013,RegionE,RegionE,2377,2377,2382.766666666667,9.0,5.766666666666667,BatchInference,5.0,0,0
36594,RegionE,RegionE,2377,2377,2378.516666666667,12.0,1.5166666666666666,BatchInference,5.0,0,0
39791,RegionB,RegionB,2377,2377,2381.7833333333333,4.0,4.783333333333333,BatchInference,5.0,0,0
1540,RegionF,RegionF,2377,2377,2381.866666666667,98.0,4.866666666666666,AITraining,5.0,0,0
4202,RegionE,RegionE,2377,2377,2381.6666666666665,94.0,4.666666666666667,AITraining,5.0,0,0
14780,RegionD,RegionD,2377,2377,2381.483333333333,32.0,4.483333333333333,AITraining,5.0,0,0
20392,RegionF,RegionF,2377,2377,2382.5833333333335,110.0,5.583333333333333,AITraining,5.0,0,0
21384,RegionC,RegionC,2377,2377,2380.633333333333,110.0,3.6333333333333333,AITraining,5.0,0,0
23479,RegionD,RegionD,2377,2377,2379.1833333333334,113.0,2.183333333333333,AITraining,5.0,0,0
27509,RegionF,RegionF,2377,2377,2383.516666666667,113.0,6.516666666666667,AITraining,5.0,0,0
31710,RegionD,RegionD,2377,2377,2378.9,64.0,1.9,AITraining,5.0,0,0
41348,RegionE,RegionE,2377,2377,2382.75,71.0,5.75,AITraining,5.0,0,0
41413,RegionE,RegionE,2377,2377,2381.2,54.0,4.2,AITraining,5.0,0,0
43690,RegionE,RegionE,2377,2377,2380.133333333333,102.0,3.1333333333333333,AITraining,5.0,0,0
235,RegionE,RegionE,2378,2378,2378.4666666666667,2.0,0.4666666666666667,RealTimeInference,5.0,0,0
3444,RegionA,RegionA,2378,2378,2379.7166666666667,7.0,1.7166666666666666,RealTimeInference,5.0,0,0
24568,RegionB,RegionB,2378,2378,2380.4166666666665,4.0,2.4166666666666665,RealTimeInference,5.0,0,0
2508,RegionB,RegionB,2378,2378,2382.65,1.0,4.65,RealTimeInference,5.0,0,0
25839,RegionA,RegionA,2378,2378,2383.483333333333,1.0,5.483333333333333,RealTimeInference,5.0,0,0
18427,RegionB,RegionB,2378,2378,2382.45,18.0,4.45,BatchInference,5.0,0,0
19684,RegionF,RegionF,2378,2378,2380.016666666667,9.0,2.0166666666666666,BatchInference,5.0,0,0
27016,RegionD,RegionD,2378,2378,2379.1833333333334,23.0,1.1833333333333333,BatchInference,5.0,0,0
33839,RegionE,RegionE,2378,2378,2378.55,21.0,0.55,BatchInference,5.0,0,0
37236,RegionE,RegionE,2378,2378,2382.8,21.0,4.8,BatchInference,5.0,0,0
45584,RegionC,RegionC,2378,2378,2380.6833333333334,21.0,2.683333333333333,BatchInference,5.0,0,0
1055,RegionF,RegionF,2378,2378,2383.65,113.0,5.65,AITraining,5.0,0,0
6507,RegionC,RegionC,2378,2378,2383.35,17.0,5.35,AITraining,5.0,0,0
9591,RegionD,RegionD,2378,2378,2381.1833333333334,27.0,3.183333333333333,AITraining,5.0,0,0
16146,RegionE,RegionE,2378,2378,2378.3,60.0,0.3,AITraining,5.0,0,0
17864,RegionD,RegionD,2378,2378,2379.7,120.0,1.7,AITraining,5.0,0,0
29425,RegionF,RegionF,2378,2378,2381.883333333333,98.0,3.8833333333333333,AITraining,5.0,0,0
33418,RegionE,RegionE,2378,2378,2381.95,122.0,3.95,AITraining,5.0,0,0
36260,RegionF,RegionF,2378,2378,2381.483333333333,85.0,3.4833333333333334,AITraining,5.0,0,0
39262,RegionE,RegionE,2378,2378,2378.4333333333334,103.0,0.43333333333333335,AITraining,5.0,0,0
46688,RegionE,RegionE,2378,2378,2378.4666666666667,50.0,0.4666666666666667,AITraining,5.0,0,0
30238,RegionD,RegionD,2379,2379,2383.85,6.0,4.85,RealTimeInference,5.0,0,0
23424,RegionA,RegionA,2379,2379,2385.616666666667,5.0,6.616666666666666,RealTimeInference,5.0,0,0
30708,RegionB,RegionB,2379,2379,2385.4,1.0,6.4,RealTimeInference,5.0,0,0
2763,RegionB,RegionB,2379,2379,2382.75,15.0,3.75,BatchInference,5.0,0,0
10622,RegionC,RegionC,2379,2379,2384.5666666666666,23.0,5.566666666666666,BatchInference,5.0,0,0
11216,RegionA,RegionA,2379,2379,2384.116666666667,20.0,5.116666666666666,BatchInference,5.0,0,0
14405,RegionA,RegionA,2379,2379,2381.5833333333335,18.0,2.5833333333333335,BatchInference,5.0,0,0
31331,RegionC,RegionC,2379,2379,2380.4166666666665,5.0,1.4166666666666667,BatchInference,5.0,0,0
33741,RegionF,RegionF,2379,2379,2383.3,9.0,4.3,BatchInference,5.0,0,0
37078,RegionD,RegionD,2379,2379,2383.5833333333335,14.0,4.583333333333333,BatchInference,5.0,0,0
7973,RegionE,RegionE,2379,2379,2380.116666666667,70.0,1.1166666666666667,AITraining,5.0,0,0
9845,RegionF,RegionF,2379,2379,2379.9166666666665,102.0,0.9166666666666666,AITraining,5.0,0,0
14419,RegionD,RegionD,2379,2379,2385.4333333333334,104.0,6.433333333333334,AITraining,5.0,0,0
31539,RegionD,RegionD,2379,2379,2380.2833333333333,103.0,1.2833333333333334,AITraining,5.0,0,0
31788,RegionD,RegionD,2379,2379,2384.8166666666666,81.0,5.816666666666666,AITraining,5.0,0,0
39010,RegionD,RegionD,2379,2379,2379.3333333333335,86.0,0.3333333333333333,AITraining,5.0,0,0
28667,RegionB,RegionB,2380,2380,2381.2,6.0,1.2,RealTimeInference,5.0,0,0
46876,RegionB,RegionB,2380,2380,2382.85,3.0,2.85,RealTimeInference,5.0,0,0
24714,RegionC,RegionC,2380,2380,2385.4166666666665,5.0,5.416666666666667,RealTimeInference,5.0,0,0
29758,RegionC,RegionC,2380,2380,2386.15,7.0,6.15,RealTimeInference,5.0,0,0
11383,RegionC,RegionC,2380,2380,2381.85,22.0,1.85,BatchInference,5.0,0,0
17466,RegionE,RegionE,2380,2380,2383.85,20.0,3.85,BatchInference,5.0,0,0
24774,RegionF,RegionF,2380,2380,2381.733333333333,16.0,1.7333333333333334,BatchInference,5.0,0,0
43668,RegionB,RegionB,2380,2380,2382.8333333333335,19.0,2.8333333333333335,BatchInference,5.0,0,0
47613,RegionD,RegionD,2380,2380,2385.3333333333335,22.0,5.333333333333333,BatchInference,5.0,0,0
6052,RegionF,RegionF,2380,2380,2384.95,92.0,4.95,AITraining,5.0,0,0
18713,RegionF,RegionF,2380,2380,2381.0833333333335,38.0,1.0833333333333333,AITraining,5.0,0,0
20964,RegionB,RegionB,2380,2380,2383.5,112.0,3.5,AITraining,5.0,0,0
26584,RegionF,RegionF,2380,2381,2382.0666666666666,125.0,1.0666666666666667,AITraining,5.0,0,1
30207,RegionD,RegionD,2380,2380,2381.55,33.0,1.55,AITraining,5.0,0,0
36438,RegionB,RegionB,2380,2380,2381.2166666666667,30.0,1.2166666666666666,AITraining,5.0,0,0
40898,RegionA,RegionA,2380,2380,2382.866666666667,122.0,2.8666666666666667,AITraining,5.0,0,0
43380,RegionD,RegionD,2380,2380,2381.2166666666667,50.0,1.2166666666666666,AITraining,5.0,0,0
45172,RegionE,RegionE,2380,2380,2382.3333333333335,73.0,2.3333333333333335,AITraining,5.0,0,0
45404,RegionF,RegionF,2380,2380,2382.25,74.0,2.25,AITraining,5.0,0,0
9585,RegionB,RegionB,2381,2381,2383.0333333333333,7.0,2.033333333333333,RealTimeInference,5.0,0,0
35202,RegionC,RegionC,2381,2381,2383.9333333333334,5.0,2.933333333333333,RealTimeInference,5.0,0,0
41513,RegionC,RegionC,2381,2381,2383.383333333333,6.0,2.3833333333333333,RealTimeInference,5.0,0,0
39748,RegionC,RegionC,2381,2381,2384.35,1.0,3.35,RealTimeInference,5.0,0,0
43240,RegionA,RegionA,2381,2381,2387.5833333333335,7.0,6.583333333333333,RealTimeInference,5.0,0,0
18905,RegionA,RegionA,2381,2381,2385.1833333333334,12.0,4.183333333333334,BatchInference,5.0,0,0
22462,RegionC,RegionC,2381,2381,2383.3,23.0,2.3,BatchInference,5.0,0,0
22871,RegionE,RegionE,2381,2381,2384.8166666666666,7.0,3.816666666666667,BatchInference,5.0,0,0
28161,RegionB,RegionB,2381,2381,2385.2166666666667,4.0,4.216666666666667,BatchInference,5.0,0,0
34989,RegionA,RegionA,2381,2381,2384.366666666667,13.0,3.3666666666666667,BatchInference,5.0,0,0
35450,RegionC,RegionC,2381,2381,2383.016666666667,14.0,2.0166666666666666,BatchInference,5.0,0,0
35507,RegionA,RegionA,2381,2381,2382.8,18.0,1.8,BatchInference,5.0,0,0
12181,RegionC,RegionC,2381,2381,2383.366666666667,68.0,2.3666666666666667,AITraining,5.0,0,0
13587,RegionD,RegionD,2381,2381,2387.5333333333333,23.0,6.533333333333333,AITraining,5.0,0,0
18720,RegionF,RegionF,2381,2382,2382.866666666667,120.0,0.8666666666666667,AITraining,5.0,0,1
20139,RegionD,RegionD,2381,2381,2384.4166666666665,71.0,3.4166666666666665,AITraining,5.0,0,0
31480,RegionD,RegionD,2381,2381,2386.016666666667,84.0,5.016666666666667,AITraining,5.0,0,0
38738,RegionE,RegionE,2381,2381,2386.983333333333,85.0,5.983333333333333,AITraining,5.0,0,0
42499,RegionB,RegionB,2381,2381,2387.1,71.0,6.1,AITraining,5.0,0,0
46280,RegionE,RegionE,2381,2381,2386.8,76.0,5.8,AITraining,5.0,0,0
47509,RegionF,RegionF,2381,2382,2384.633333333333,71.0,2.6333333333333333,AITraining,5.0,0,1
7542,RegionD,RegionD,2382,2382,2382.6833333333334,7.0,0.6833333333333333,RealTimeInference,5.0,0,0
15185,RegionA,RegionA,2382,2382,2382.883333333333,1.0,0.8833333333333333,RealTimeInference,5.0,0,0
11877,RegionC,RegionC,2382,2382,2383.383333333333,7.0,1.3833333333333333,RealTimeInference,5.0,0,0
4590,RegionC,RegionC,2382,2382,2385.45,5.0,3.45,RealTimeInference,5.0,0,0
42642,RegionC,RegionC,2382,2382,2385.5,1.0,3.5,RealTimeInference,5.0,0,0
13505,RegionE,RegionE,2382,2382,2386.2833333333333,6.0,4.283333333333333,RealTimeInference,5.0,0,0
29651,RegionB,RegionB,2382,2382,2386.733333333333,7.0,4.733333333333333,RealTimeInference,5.0,0,0
3948,RegionF,RegionF,2382,2382,2387.5,1.0,5.5,RealTimeInference,5.0,0,0
403,RegionD,RegionD,2382,2382,2384.116666666667,13.0,2.1166666666666667,BatchInference,5.0,0,0
11993,RegionC,RegionC,2382,2382,2385.9333333333334,15.0,3.933333333333333,BatchInference,5.0,0,0
14772,RegionA,RegionA,2382,2382,2387.116666666667,12.0,5.116666666666666,BatchInference,5.0,0,0
16116,RegionA,RegionA,2382,2382,2387.3333333333335,7.0,5.333333333333333,BatchInference,5.0,0,0
19440,RegionE,RegionE,2382,2382,2384.0666666666666,23.0,2.066666666666667,BatchInference,5.0,0,0
36934,RegionD,RegionD,2382,2382,2384.866666666667,6.0,2.8666666666666667,BatchInference,5.0,0,0
39924,RegionC,RegionC,2382,2382,2384.6,4.0,2.6,BatchInference,5.0,0,0
49336,RegionB,RegionB,2382,2382,2387.4166666666665,8.0,5.416666666666667,BatchInference,5.0,0,0
5845,RegionD,RegionD,2382,2382,2383.516666666667,26.0,1.5166666666666666,AITraining,5.0,0,0
10704,RegionF,RegionF,2382,2382,2383.0833333333335,110.0,1.0833333333333333,AITraining,5.0,0,0
31191,RegionD,RegionD,2382,2382,2384.5833333333335,65.0,2.5833333333333335,AITraining,5.0,0,0
32894,RegionF,RegionF,2382,2382,2383.5333333333333,70.0,1.5333333333333334,AITraining,5.0,0,0
47419,RegionC,RegionC,2382,2382,2384.25,67.0,2.25,AITraining,5.0,0,0
13331,RegionB,RegionB,2383,2383,2383.8166666666666,1.0,0.8166666666666667,RealTimeInference,5.0,0,0
21103,RegionA,RegionA,2383,2383,2384.8,7.0,1.8,RealTimeInference,5.0,0,0
43047,RegionB,RegionB,2383,2383,2385.0333333333333,5.0,2.033333333333333,RealTimeInference,5.0,0,0
35298,RegionA,RegionA,2383,2383,2387.3166666666666,6.0,4.316666666666666,RealTimeInference,5.0,0,0
45061,RegionC,RegionC,2383,2383,2387.2,2.0,4.2,RealTimeInference,5.0,0,0
45879,RegionB,RegionB,2383,2383,2387.383333333333,3.0,4.383333333333334,RealTimeInference,5.0,0,0
41298,RegionA,RegionA,2383,2383,2388.35,4.0,5.35,RealTimeInference,5.0,0,0
1664,RegionE,RegionE,2383,2383,2385.1833333333334,14.0,2.183333333333333,BatchInference,5.0,0,0
4060,RegionA,RegionA,2383,2383,2385.8,8.0,2.8,BatchInference,5.0,0,0
12791,RegionA,RegionA,2383,2383,2383.866666666667,4.0,0.8666666666666667,BatchInference,5.0,0,0
24641,RegionD,RegionD,2383,2383,2384.4,12.0,1.4,BatchInference,5.0,0,0
34149,RegionA,RegionA,2383,2383,2384.6666666666665,13.0,1.6666666666666667,BatchInference,5.0,0,0
37312,RegionB,RegionB,2383,2383,2389.55,17.0,6.55,BatchInference,5.0,0,0
37918,RegionD,RegionD,2383,2383,2385.366666666667,5.0,2.3666666666666667,BatchInference,5.0,0,0
40802,RegionB,RegionB,2383,2383,2387.25,16.0,4.25,BatchInference,5.0,0,0
11304,RegionD,RegionD,2383,2383,2384.1666666666665,112.0,1.1666666666666667,AITraining,5.0,0,0
12755,RegionE,RegionE,2383,2383,2386.05,51.0,3.05,AITraining,5.0,0,0
22175,RegionE,RegionE,2383,2383,2389.516666666667,112.0,6.516666666666667,AITraining,5.0,0,0
30900,RegionF,RegionF,2383,2383,2385.1833333333334,36.0,2.183333333333333,AITraining,5.0,0,0
34377,RegionF,RegionF,2383,2383,2383.733333333333,46.0,0.7333333333333333,AITraining,5.0,0,0
34834,RegionE,RegionE,2383,2383,2386.616666666667,123.0,3.6166666666666667,AITraining,5.0,0,0
45771,RegionF,RegionF,2383,2383,2387.616666666667,77.0,4.616666666666666,AITraining,5.0,0,0
22890,RegionC,RegionC,2384,2384,2385.8,3.0,1.8,RealTimeInference,5.0,0,0
26569,RegionB,RegionB,2384,2384,2385.1,5.0,1.1,RealTimeInference,5.0,0,0
26779,RegionB,RegionB,2384,2384,2385.75,2.0,1.75,RealTimeInference,5.0,0,0
16950,RegionA,RegionA,2384,2384,2386.5333333333333,6.0,2.533333333333333,RealTimeInference,5.0,0,0
24748,RegionE,RegionE,2384,2384,2387.116666666667,1.0,3.1166666666666667,RealTimeInference,5.0,0,0
32107,RegionC,RegionC,2384,2384,2387.0833333333335,3.0,3.0833333333333335,RealTimeInference,5.0,0,0
47997,RegionA,RegionA,2384,2384,2388.0666666666666,6.0,4.066666666666666,RealTimeInference,5.0,0,0
11360,RegionE,RegionE,2384,2384,2390.5666666666666,3.0,6.566666666666666,RealTimeInference,5.0,0,0
29402,RegionC,RegionC,2384,2384,2387.133333333333,17.0,3.1333333333333333,BatchInference,5.0,0,0
33478,RegionE,RegionE,2384,2384,2386.6,6.0,2.6,BatchInference,5.0,0,0
37688,RegionD,RegionD,2384,2384,2387.766666666667,6.0,3.7666666666666666,BatchInference,5.0,0,0
10306,RegionD,RegionD,2384,2384,2388.5333333333333,68.0,4.533333333333333,AITraining,5.0,0,0
27109,RegionF,RegionF,2384,2384,2389.0,99.0,5.0,AITraining,5.0,0,0
34201,RegionB,RegionB,2384,2384,2385.9333333333334,78.0,1.9333333333333333,AITraining,5.0,0,0
44983,RegionF,RegionF,2384,2384,2388.983333333333,80.0,4.983333333333333,AITraining,5.0,0,0
46582,RegionE,RegionE,2384,2384,2385.05,33.0,1.05,AITraining,5.0,0,0
49968,RegionE,RegionE,2384,2384,2387.866666666667,120.0,3.8666666666666667,AITraining,5.0,0,0
9936,RegionC,RegionC,2385,2385,2386.516666666667,5.0,1.5166666666666666,RealTimeInference,5.0,0,0
25467,RegionB,RegionB,2385,2385,2387.866666666667,6.0,2.8666666666666667,RealTimeInference,5.0,0,0
14669,RegionB,RegionB,2385,2385,2389.616666666667,6.0,4.616666666666666,RealTimeInference,5.0,0,0
23890,RegionA,RegionA,2385,2385,2389.7833333333333,5.0,4.783333333333333,RealTimeInference,5.0,0,0
36634,RegionF,RegionF,2385,2385,2390.0833333333335,7.0,5.083333333333333,RealTimeInference,5.0,0,0
205,RegionB,RegionB,2385,2385,2389.9166666666665,6.0,4.916666666666667,BatchInference,5.0,0,0
1234,RegionB,RegionB,2385,2385,2390.5666666666666,9.0,5.566666666666666,BatchInference,5.0,0,0
31955,RegionD,RegionD,2385,2385,2387.7833333333333,16.0,2.783333333333333,BatchInference,5.0,0,0
34369,RegionD,RegionD,2385,2385,2389.9666666666667,18.0,4.966666666666667,BatchInference,5.0,0,0
41891,RegionC,RegionC,2385,2385,2387.65,15.0,2.65,BatchInference,5.0,0,0
45742,RegionC,RegionC,2385,2385,2391.366666666667,20.0,6.366666666666666,BatchInference,5.0,0,0
46875,RegionB,RegionB,2385,2385,2391.1666666666665,18.0,6.166666666666667,BatchInference,5.0,0,0
4599,RegionD,RegionD,2385,2385,2387.1666666666665,34.0,2.1666666666666665,AITraining,5.0,0,0
5277,RegionE,RegionE,2385,2385,2386.4666666666667,64.0,1.4666666666666666,AITraining,5.0,0,0
18325,RegionF,RegionF,2385,2385,2388.45,58.0,3.45,AITraining,5.0,0,0
22705,RegionE,RegionE,2385,2385,2387.25,80.0,2.25,AITraining,5.0,0,0
23514,RegionF,RegionF,2385,2385,2388.85,76.0,3.85,AITraining,5.0,0,0
26590,RegionF,RegionF,2385,2385,2389.9166666666665,27.0,4.916666666666667,AITraining,5.0,0,0
28123,RegionD,RegionD,2385,2385,2388.116666666667,30.0,3.1166666666666667,AITraining,5.0,0,0
28388,RegionF,RegionF,2385,2385,2389.8,85.0,4.8,AITraining,5.0,0,0
35571,RegionF,RegionF,2385,2385,2387.1,111.0,2.1,AITraining,5.0,0,0
43153,RegionF,RegionF,2385,2385,2386.3166666666666,36.0,1.3166666666666667,AITraining,5.0,0,0
8353,RegionB,RegionB,2386,2386,2387.25,5.0,1.25,RealTimeInference,5.0,0,0
19693,RegionA,RegionA,2386,2386,2387.2,4.0,1.2,RealTimeInference,5.0,0,0
3455,RegionC,RegionC,2386,2386,2388.866666666667,1.0,2.8666666666666667,RealTimeInference,5.0,0,0
32465,RegionB,RegionB,2386,2386,2388.4,6.0,2.4,RealTimeInference,5.0,0,0
48396,RegionA,RegionA,2386,2386,2388.6833333333334,2.0,2.683333333333333,RealTimeInference,5.0,0,0
19264,RegionD,RegionD,2386,2386,2389.3333333333335,4.0,3.3333333333333335,RealTimeInference,5.0,0,0
29239,RegionB,RegionB,2386,2386,2390.016666666667,2.0,4.016666666666667,RealTimeInference,5.0,0,0
48007,RegionC,RegionC,2386,2386,2390.266666666667,2.0,4.266666666666667,RealTimeInference,5.0,0,0
40554,RegionB,RegionB,2386,2386,2392.2,5.0,6.2,RealTimeInference,5.0,0,0
40594,RegionC,RegionC,2386,2386,2392.0833333333335,2.0,6.083333333333333,RealTimeInference,5.0,0,0
11834,RegionB,RegionB,2386,2386,2391.866666666667,19.0,5.866666666666666,BatchInference,5.0,0,0
14622,RegionB,RegionB,2386,2386,2389.6666666666665,23.0,3.6666666666666665,BatchInference,5.0,0,0
18869,RegionD,RegionD,2386,2386,2390.4333333333334,7.0,4.433333333333334,BatchInference,5.0,0,0
20632,RegionC,RegionC,2386,2386,2389.0666666666666,14.0,3.066666666666667,BatchInference,5.0,0,0
23667,RegionA,RegionA,2386,2386,2391.2166666666667,15.0,5.216666666666667,BatchInference,5.0,0,0
24949,RegionD,RegionD,2386,2386,2387.016666666667,16.0,1.0166666666666666,BatchInference,5.0,0,0
26788,RegionF,RegionF,2386,2386,2391.2833333333333,12.0,5.283333333333333,BatchInference,5.0,0,0
33605,RegionB,RegionB,2386,2386,2387.5666666666666,9.0,1.5666666666666667,BatchInference,5.0,0,0
33785,RegionD,RegionD,2386,2386,2387.866666666667,20.0,1.8666666666666667,BatchInference,5.0,0,0
39597,RegionD,RegionD,2386,2386,2391.5833333333335,17.0,5.583333333333333,BatchInference,5.0,0,0
43953,RegionE,RegionE,2386,2386,2388.7,17.0,2.7,BatchInference,5.0,0,0
2055,RegionD,RegionD,2386,2386,2388.6666666666665,116.0,2.6666666666666665,AITraining,5.0,0,0
10275,RegionE,RegionE,2386,2386,2388.0833333333335,38.0,2.0833333333333335,AITraining,5.0,0,0
15694,RegionE,RegionE,2386,2386,2388.866666666667,63.0,2.8666666666666667,AITraining,5.0,0,0
22852,RegionF,RegionF,2386,2386,2391.75,62.0,5.75,AITraining,5.0,0,0
22937,RegionF,RegionF,2386,2386,2388.2833333333333,52.0,2.283333333333333,AITraining,5.0,0,0
46192,RegionB,RegionB,2386,2386,2389.3,113.0,3.3,AITraining,5.0,0,0
12025,RegionA,RegionA,2387,2387,2387.65,2.0,0.65,RealTimeInference,5.0,0,0
23708,RegionB,RegionB,2387,2387,2388.6666666666665,7.0,1.6666666666666667,RealTimeInference,5.0,0,0
25000,RegionB,RegionB,2387,2387,2388.65,6.0,1.65,RealTimeInference,5.0,0,0
29773,RegionA,RegionA,2387,2387,2388.7833333333333,6.0,1.7833333333333334,RealTimeInference,5.0,0,0
32719,RegionA,RegionA,2387,2387,2388.8166666666666,3.0,1.8166666666666667,RealTimeInference,5.0,0,0
9168,RegionC,RegionC,2387,2387,2389.35,3.0,2.35,RealTimeInference,5.0,0,0
21428,RegionC,RegionC,2387,2387,2389.366666666667,5.0,2.3666666666666667,RealTimeInference,5.0,0,0
28952,RegionC,RegionC,2387,2387,2389.05,7.0,2.05,RealTimeInference,5.0,0,0
35544,RegionC,RegionC,2387,2387,2390.4333333333334,7.0,3.433333333333333,RealTimeInference,5.0,0,0
36735,RegionB,RegionB,2387,2387,2391.5666666666666,2.0,4.566666666666666,RealTimeInference,5.0,0,0
23146,RegionC,RegionC,2387,2387,2392.55,3.0,5.55,RealTimeInference,5.0,0,0
2374,RegionA,RegionA,2387,2387,2387.65,7.0,0.65,BatchInference,5.0,0,0
3113,RegionD,RegionD,2387,2387,2393.233333333333,15.0,6.233333333333333,BatchInference,5.0,0,0
9850,RegionE,RegionE,2387,2387,2392.733333333333,13.0,5.733333333333333,BatchInference,5.0,0,0
28165,RegionE,RegionE,2387,2387,2387.4166666666665,13.0,0.4166666666666667,BatchInference,5.0,0,0
29306,RegionE,RegionE,2387,2387,2387.6,20.0,0.6,BatchInference,5.0,0,0
31953,RegionB,RegionB,2387,2387,2392.15,19.0,5.15,BatchInference,5.0,0,0
33356,RegionB,RegionB,2387,2387,2390.366666666667,14.0,3.3666666666666667,BatchInference,5.0,0,0
33589,RegionE,RegionE,2387,2387,2391.7833333333333,22.0,4.783333333333333,BatchInference,5.0,0,0
40446,RegionA,RegionA,2387,2387,2387.5333333333333,9.0,0.5333333333333333,BatchInference,5.0,0,0
9535,RegionE,RegionE,2387,2387,2392.633333333333,58.0,5.633333333333334,AITraining,5.0,0,0
17181,RegionD,RegionD,2387,2387,2388.7,82.0,1.7,AITraining,5.0,0,0
19584,RegionE,RegionE,2387,2387,2392.8166666666666,43.0,5.816666666666666,AITraining,5.0,0,0
27713,RegionF,RegionF,2387,2387,2388.5333333333333,87.0,1.5333333333333334,AITraining,5.0,0,0
30583,RegionE,RegionE,2387,2387,2390.9,121.0,3.9,AITraining,5.0,0,0
31709,RegionD,RegionD,2387,2387,2389.4666666666667,44.0,2.466666666666667,AITraining,5.0,0,0
32656,RegionE,RegionE,2387,2387,2392.633333333333,76.0,5.633333333333334,AITraining,5.0,0,0
36369,RegionE,RegionE,2387,2387,2388.633333333333,70.0,1.6333333333333333,AITraining,5.0,0,0
36680,RegionF,RegionF,2387,2387,2392.983333333333,118.0,5.983333333333333,AITraining,5.0,0,0
38944,RegionC,RegionC,2387,2387,2390.1,91.0,3.1,AITraining,5.0,0,0
41737,RegionF,RegionF,2387,2387,2393.0666666666666,21.0,6.066666666666666,AITraining,5.0,0,0
36175,RegionA,RegionA,2388,2388,2389.4,5.0,1.4,RealTimeInference,5.0,0,0
43032,RegionB,RegionB,2388,2388,2390.2833333333333,1.0,2.283333333333333,RealTimeInference,5.0,0,0
27636,RegionA,RegionA,2388,2388,2392.233333333333,7.0,4.233333333333333,RealTimeInference,5.0,0,0
28692,RegionA,RegionA,2388,2388,2392.3,3.0,4.3,RealTimeInference,5.0,0,0
583,RegionA,RegionA,2388,2388,2391.9166666666665,12.0,3.9166666666666665,BatchInference,5.0,0,0
6323,RegionA,RegionA,2388,2388,2390.366666666667,5.0,2.3666666666666667,BatchInference,5.0,0,0
16274,RegionA,RegionA,2388,2388,2394.05,21.0,6.05,BatchInference,5.0,0,0
18061,RegionC,RegionC,2388,2388,2393.0666666666666,9.0,5.066666666666666,BatchInference,5.0,0,0
20403,RegionD,RegionD,2388,2388,2391.983333333333,14.0,3.9833333333333334,BatchInference,5.0,0,0
32420,RegionD,RegionD,2388,2388,2393.7166666666667,19.0,5.716666666666667,BatchInference,5.0,0,0
36729,RegionC,RegionC,2388,2388,2394.4166666666665,9.0,6.416666666666667,BatchInference,5.0,0,0
40539,RegionB,RegionB,2388,2388,2390.2,10.0,2.2,BatchInference,5.0,0,0
42007,RegionA,RegionA,2388,2388,2390.733333333333,21.0,2.7333333333333334,BatchInference,5.0,0,0
42663,RegionA,RegionA,2388,2388,2394.233333333333,7.0,6.233333333333333,BatchInference,5.0,0,0
43463,RegionA,RegionA,2388,2388,2389.3333333333335,10.0,1.3333333333333333,BatchInference,5.0,0,0
45156,RegionA,RegionA,2388,2388,2393.0333333333333,9.0,5.033333333333333,BatchInference,5.0,0,0
1264,RegionF,RegionF,2388,2388,2392.7,113.0,4.7,AITraining,5.0,0,0
17991,RegionF,RegionF,2388,2388,2390.266666666667,26.0,2.2666666666666666,AITraining,5.0,0,0
21356,RegionF,RegionF,2388,2388,2393.133333333333,125.0,5.133333333333334,AITraining,5.0,0,0
21837,RegionD,RegionD,2388,2388,2392.266666666667,59.0,4.266666666666667,AITraining,5.0,0,0
27293,RegionF,RegionF,2388,2389,2394.3333333333335,50.0,5.333333333333333,AITraining,5.0,0,1
35545,RegionF,RegionF,2388,2388,2389.383333333333,31.0,1.3833333333333333,AITraining,5.0,0,0
43266,RegionA,RegionA,2388,2388,2388.983333333333,103.0,0.9833333333333333,AITraining,5.0,0,0
48004,RegionA,RegionA,2389,2389,2389.8333333333335,6.0,0.8333333333333334,RealTimeInference,5.0,0,0
32162,RegionA,RegionA,2389,2389,2390.9166666666665,2.0,1.9166666666666667,RealTimeInference,5.0,0,0
10407,RegionC,RegionC,2389,2389,2391.366666666667,7.0,2.3666666666666667,RealTimeInference,5.0,0,0
1096,RegionA,RegionA,2389,2389,2393.8333333333335,1.0,4.833333333333333,RealTimeInference,5.0,0,0
6232,RegionA,RegionA,2389,2389,2395.0,5.0,6.0,RealTimeInference,5.0,0,0
16109,RegionF,RegionF,2389,2389,2391.9166666666665,7.0,2.9166666666666665,BatchInference,5.0,0,0
17044,RegionC,RegionC,2389,2389,2389.6,6.0,0.6,BatchInference,5.0,0,0
36902,RegionE,RegionE,2389,2389,2394.516666666667,22.0,5.516666666666667,BatchInference,5.0,0,0
39318,RegionA,RegionA,2389,2389,2391.75,21.0,2.75,BatchInference,5.0,0,0
45583,RegionB,RegionB,2389,2389,2394.5333333333333,13.0,5.533333333333333,BatchInference,5.0,0,0
5727,RegionD,RegionD,2389,2389,2391.3166666666666,82.0,2.316666666666667,AITraining,5.0,0,0
13747,RegionF,RegionF,2389,2389,2395.6,41.0,6.6,AITraining,5.0,0,0
14749,RegionE,RegionE,2389,2389,2392.15,97.0,3.15,AITraining,5.0,0,0
23936,RegionD,RegionD,2389,2389,2392.8333333333335,127.0,3.8333333333333335,AITraining,5.0,0,0
33779,RegionE,RegionE,2389,2389,2394.1,31.0,5.1,AITraining,5.0,0,0
34647,RegionB,RegionB,2389,2389,2391.3,59.0,2.3,AITraining,5.0,0,0
47013,RegionD,RegionD,2389,2389,2389.1666666666665,67.0,0.16666666666666666,AITraining,5.0,0,0
21242,RegionB,RegionB,2390,2390,2391.1,1.0,1.1,RealTimeInference,5.0,0,0
37033,RegionC,RegionC,2390,2390,2394.883333333333,3.0,4.883333333333334,RealTimeInference,5.0,0,0
4354,RegionC,RegionC,2390,2390,2395.95,4.0,5.95,RealTimeInference,5.0,0,0
34531,RegionB,RegionB,2390,2390,2395.766666666667,7.0,5.766666666666667,RealTimeInference,5.0,0,0
57,RegionE,RegionE,2390,2390,2393.0,16.0,3.0,BatchInference,5.0,0,0
165,RegionB,RegionB,2390,2390,2391.75,18.0,1.75,BatchInference,5.0,0,0
1136,RegionB,RegionB,2390,2390,2393.0333333333333,12.0,3.033333333333333,BatchInference,5.0,0,0
4851,RegionD,RegionD,2390,2390,2393.8333333333335,8.0,3.8333333333333335,BatchInference,5.0,0,0
10184,RegionD,RegionD,2390,2390,2392.7833333333333,15.0,2.783333333333333,BatchInference,5.0,0,0
19682,RegionD,RegionD,2390,2390,2395.233333333333,11.0,5.233333333333333,BatchInference,5.0,0,0
24572,RegionA,RegionA,2390,2390,2395.05,9.0,5.05,BatchInference,5.0,0,0
30199,RegionF,RegionF,2390,2390,2396.233333333333,15.0,6.233333333333333,BatchInference,5.0,0,0
39397,RegionA,RegionA,2390,2390,2396.4666666666667,7.0,6.466666666666667,BatchInference,5.0,0,0
47967,RegionD,RegionD,2390,2390,2393.1833333333334,20.0,3.183333333333333,BatchInference,5.0,0,0
2167,RegionD,RegionD,2390,2390,2394.15,57.0,4.15,AITraining,5.0,0,0
3782,RegionE,RegionE,2390,2390,2395.766666666667,89.0,5.766666666666667,AITraining,5.0,0,0
8760,RegionE,RegionE,2390,2390,2394.5833333333335,44.0,4.583333333333333,AITraining,5.0,0,0
15675,RegionF,RegionF,2390,2390,2392.983333333333,87.0,2.9833333333333334,AITraining,5.0,0,0
16513,RegionE,RegionE,2390,2390,2395.8333333333335,107.0,5.833333333333333,AITraining,5.0,0,0
17233,RegionD,RegionD,2390,2390,2393.8,122.0,3.8,AITraining,5.0,0,0
25795,RegionE,RegionE,2390,2390,2391.7166666666667,46.0,1.7166666666666666,AITraining,5.0,0,0
26136,RegionE,RegionE,2390,2390,2390.866666666667,120.0,0.8666666666666667,AITraining,5.0,0,0
29364,RegionE,RegionE,2390,2390,2391.2833333333333,111.0,1.2833333333333334,AITraining,5.0,0,0
46424,RegionD,RegionD,2390,2390,2396.0666666666666,120.0,6.066666666666666,AITraining,5.0,0,0
22706,RegionC,RegionC,2391,2391,2391.75,2.0,0.75,RealTimeInference,5.0,0,0
39380,RegionB,RegionB,2391,2391,2391.733333333333,3.0,0.7333333333333333,RealTimeInference,5.0,0,0
18687,RegionE,RegionE,2391,2391,2392.45,5.0,1.45,RealTimeInference,5.0,0,0
49684,RegionB,RegionB,2391,2391,2392.75,1.0,1.75,RealTimeInference,5.0,0,0
4943,RegionC,RegionC,2391,2391,2394.0,4.0,3.0,RealTimeInference,5.0,0,0
25215,RegionA,RegionA,2391,2391,2394.4333333333334,5.0,3.433333333333333,RealTimeInference,5.0,0,0
14305,RegionD,RegionD,2391,2391,2395.6666666666665,2.0,4.666666666666667,RealTimeInference,5.0,0,0
35181,RegionB,RegionB,2391,2391,2395.2,4.0,4.2,RealTimeInference,5.0,0,0
35783,RegionA,RegionA,2391,2391,2395.616666666667,3.0,4.616666666666666,RealTimeInference,5.0,0,0
45363,RegionC,RegionC,2391,2391,2396.0833333333335,2.0,5.083333333333333,RealTimeInference,5.0,0,0
4113,RegionA,RegionA,2391,2391,2395.2,15.0,4.2,BatchInference,5.0,0,0
18367,RegionA,RegionA,2391,2391,2396.766666666667,19.0,5.766666666666667,BatchInference,5.0,0,0
18847,RegionB,RegionB,2391,2391,2395.516666666667,8.0,4.516666666666667,BatchInference,5.0,0,0
31688,RegionF,RegionF,2391,2391,2392.9666666666667,21.0,1.9666666666666666,BatchInference,5.0,0,0
33573,RegionB,RegionB,2391,2391,2392.4166666666665,21.0,1.4166666666666667,BatchInference,5.0,0,0
45731,RegionE,RegionE,2391,2391,2395.2,14.0,4.2,BatchInference,5.0,0,0
4930,RegionE,RegionE,2391,2391,2396.866666666667,50.0,5.866666666666666,AITraining,5.0,0,0
6876,RegionD,RegionD,2391,2391,2397.5,52.0,6.5,AITraining,5.0,0,0
12397,RegionA,RegionA,2391,2391,2391.616666666667,101.0,0.6166666666666667,AITraining,5.0,0,0
13836,RegionD,RegionD,2391,2391,2397.4,40.0,6.4,AITraining,5.0,0,0
17898,RegionE,RegionE,2391,2391,2393.65,78.0,2.65,AITraining,5.0,0,0
25763,RegionE,RegionE,2391,2391,2395.8333333333335,114.0,4.833333333333333,AITraining,5.0,0,0
27637,RegionD,RegionD,2391,2391,2391.516666666667,50.0,0.5166666666666667,AITraining,5.0,0,0
30452,RegionE,RegionE,2391,2391,2394.3,55.0,3.3,AITraining,5.0,0,0
31011,RegionF,RegionF,2391,2391,2393.016666666667,58.0,2.0166666666666666,AITraining,5.0,0,0
38937,RegionB,RegionB,2391,2391,2396.266666666667,31.0,5.266666666666667,AITraining,5.0,0,0
41410,RegionB,RegionB,2391,2391,2397.5666666666666,23.0,6.566666666666666,AITraining,5.0,0,0
6235,RegionB,RegionB,2392,2392,2393.733333333333,1.0,1.7333333333333334,RealTimeInference,5.0,0,0
23364,RegionE,RegionE,2392,2392,2393.9166666666665,5.0,1.9166666666666667,RealTimeInference,5.0,0,0
32917,RegionA,RegionA,2392,2392,2394.883333333333,2.0,2.8833333333333333,RealTimeInference,5.0,0,0
16024,RegionF,RegionF,2392,2392,2395.35,1.0,3.35,RealTimeInference,5.0,0,0
2412,RegionC,RegionC,2392,2392,2396.266666666667,2.0,4.266666666666667,RealTimeInference,5.0,0,0
21792,RegionA,RegionA,2392,2392,2397.266666666667,4.0,5.266666666666667,RealTimeInference,5.0,0,0
44811,RegionB,RegionB,2392,2392,2397.5666666666666,2.0,5.566666666666666,RealTimeInference,5.0,0,0
315,RegionA,RegionA,2392,2392,2393.45,17.0,1.45,BatchInference,5.0,0,0
3566,RegionE,RegionE,2392,2392,2392.9,9.0,0.9,BatchInference,5.0,0,0
18826,RegionA,RegionA,2392,2392,2396.5333333333333,17.0,4.533333333333333,BatchInference,5.0,0,0
25631,RegionD,RegionD,2392,2392,2396.7166666666667,18.0,4.716666666666667,BatchInference,5.0,0,0
27301,RegionA,RegionA,2392,2392,2395.2,5.0,3.2,BatchInference,5.0,0,0
28488,RegionA,RegionA,2392,2392,2392.65,14.0,0.65,BatchInference,5.0,0,0
28923,RegionC,RegionC,2392,2392,2393.85,14.0,1.85,BatchInference,5.0,0,0
37668,RegionD,RegionD,2392,2392,2396.116666666667,11.0,4.116666666666666,BatchInference,5.0,0,0
47787,RegionB,RegionB,2392,2392,2395.2166666666667,8.0,3.216666666666667,BatchInference,5.0,0,0
1371,RegionC,RegionC,2392,2392,2397.5833333333335,18.0,5.583333333333333,AITraining,5.0,0,0
2517,RegionF,RegionF,2392,2392,2394.733333333333,30.0,2.7333333333333334,AITraining,5.0,0,0
8915,RegionD,RegionD,2392,2392,2392.8166666666666,97.0,0.8166666666666667,AITraining,5.0,0,0
17673,RegionD,RegionD,2392,2392,2398.616666666667,124.0,6.616666666666666,AITraining,5.0,0,0
19387,RegionE,RegionE,2392,2392,2395.766666666667,104.0,3.7666666666666666,AITraining,5.0,0,0
38208,RegionF,RegionF,2392,2392,2393.766666666667,122.0,1.7666666666666666,AITraining,5.0,0,0
47090,RegionF,RegionF,2392,2392,2397.2166666666667,98.0,5.216666666666667,AITraining,5.0,0,0
21897,RegionA,RegionA,2393,2393,2394.5333333333333,3.0,1.5333333333333334,RealTimeInference,5.0,0,0
23544,RegionB,RegionB,2393,2393,2395.25,1.0,2.25,RealTimeInference,5.0,0,0
27485,RegionA,RegionA,2393,2393,2395.4333333333334,5.0,2.433333333333333,RealTimeInference,5.0,0,0
7484,RegionA,RegionA,2393,2393,2396.95,3.0,3.95,RealTimeInference,5.0,0,0
38021,RegionB,RegionB,2393,2393,2396.5333333333333,6.0,3.533333333333333,RealTimeInference,5.0,0,0
5663,RegionB,RegionB,2393,2393,2397.25,6.0,4.25,RealTimeInference,5.0,0,0
31748,RegionA,RegionA,2393,2393,2398.5333333333333,4.0,5.533333333333333,RealTimeInference,5.0,0,0
44602,RegionC,RegionC,2393,2393,2398.6666666666665,4.0,5.666666666666667,RealTimeInference,5.0,0,0
45529,RegionA,RegionA,2393,2393,2399.1,4.0,6.1,RealTimeInference,5.0,0,0
4611,RegionA,RegionA,2393,2393,2395.05,15.0,2.05,BatchInference,5.0,0,0
12184,RegionD,RegionD,2393,2393,2393.25,5.0,0.25,BatchInference,5.0,0,0
16345,RegionF,RegionF,2393,2393,2396.233333333333,9.0,3.2333333333333334,BatchInference,5.0,0,0
24477,RegionD,RegionD,2393,2393,2394.133333333333,16.0,1.1333333333333333,BatchInference,5.0,0,0
43531,RegionC,RegionC,2393,2393,2395.4666666666667,18.0,2.466666666666667,BatchInference,5.0,0,0
48651,RegionF,RegionF,2393,2393,2394.233333333333,14.0,1.2333333333333334,BatchInference,5.0,0,0
16699,RegionF,RegionF,2393,2393,2394.7,127.0,1.7,AITraining,5.0,0,0
28664,RegionF,RegionF,2393,2393,2399.25,96.0,6.25,AITraining,5.0,0,0
41990,RegionD,RegionD,2393,2393,2393.4166666666665,22.0,0.4166666666666667,AITraining,5.0,0,0
1843,RegionA,RegionA,2394,2394,2394.8166666666666,1.0,0.8166666666666667,RealTimeInference,5.0,0,0
13174,RegionB,RegionB,2394,2394,2394.1666666666665,6.0,0.16666666666666666,RealTimeInference,5.0,0,0
16041,RegionB,RegionB,2394,2394,2394.9166666666665,5.0,0.9166666666666666,RealTimeInference,5.0,0,0
42258,RegionB,RegionB,2394,2394,2396.733333333333,6.0,2.7333333333333334,RealTimeInference,5.0,0,0
12444,RegionA,RegionA,2394,2394,2398.483333333333,1.0,4.483333333333333,RealTimeInference,5.0,0,0
34439,RegionA,RegionA,2394,2394,2399.0666666666666,2.0,5.066666666666666,RealTimeInference,5.0,0,0
4848,RegionB,RegionB,2394,2394,2397.6,17.0,3.6,BatchInference,5.0,0,0
6508,RegionB,RegionB,2394,2394,2398.983333333333,23.0,4.983333333333333,BatchInference,5.0,0,0
11351,RegionD,RegionD,2394,2394,2398.35,16.0,4.35,BatchInference,5.0,0,0
14327,RegionB,RegionB,2394,2394,2399.55,21.0,5.55,BatchInference,5.0,0,0
23381,RegionD,RegionD,2394,2394,2398.0,15.0,4.0,BatchInference,5.0,0,0
37834,RegionF,RegionF,2394,2394,2400.65,17.0,6.65,BatchInference,5.0,0,0
39468,RegionA,RegionA,2394,2394,2395.116666666667,16.0,1.1166666666666667,BatchInference,5.0,0,0
40831,RegionE,RegionE,2394,2394,2399.9166666666665,17.0,5.916666666666667,BatchInference,5.0,0,0
45887,RegionD,RegionD,2394,2394,2399.4333333333334,10.0,5.433333333333334,BatchInference,5.0,0,0
56,RegionE,RegionE,2394,2394,2398.0,19.0,4.0,AITraining,5.0,0,0
6438,RegionE,RegionE,2394,2394,2398.95,98.0,4.95,AITraining,5.0,0,0
13376,RegionD,RegionD,2394,2394,2396.383333333333,53.0,2.3833333333333333,AITraining,5.0,0,0
14619,RegionF,RegionF,2394,2394,2400.616666666667,117.0,6.616666666666666,AITraining,5.0,0,0
15921,RegionD,RegionD,2394,2394,2397.9166666666665,127.0,3.9166666666666665,AITraining,5.0,0,0
21451,RegionD,RegionD,2394,2394,2398.2166666666667,34.0,4.216666666666667,AITraining,5.0,0,0
31076,RegionE,RegionE,2394,2394,2400.366666666667,67.0,6.366666666666666,AITraining,5.0,0,0
36863,RegionF,RegionF,2394,2394,2394.516666666667,101.0,0.5166666666666667,AITraining,5.0,0,0
39669,RegionE,RegionE,2394,2394,2398.5333333333333,77.0,4.533333333333333,AITraining,5.0,0,0
41146,RegionF,RegionF,2394,2394,2395.7166666666667,57.0,1.7166666666666666,AITraining,5.0,0,0
42018,RegionF,RegionF,2394,2394,2397.5666666666666,64.0,3.566666666666667,AITraining,5.0,0,0
13251,RegionA,RegionA,2395,2395,2395.7833333333333,6.0,0.7833333333333333,RealTimeInference,5.0,0,0
40599,RegionB,RegionB,2395,2395,2395.8333333333335,4.0,0.8333333333333334,RealTimeInference,5.0,0,0
12481,RegionC,RegionC,2395,2395,2397.9166666666665,5.0,2.9166666666666665,RealTimeInference,5.0,0,0
41247,RegionA,RegionA,2395,2395,2397.0666666666666,3.0,2.066666666666667,RealTimeInference,5.0,0,0
47260,RegionD,RegionD,2395,2395,2398.483333333333,3.0,3.4833333333333334,RealTimeInference,5.0,0,0
49617,RegionA,RegionA,2395,2395,2399.266666666667,3.0,4.266666666666667,RealTimeInference,5.0,0,0
8294,RegionC,RegionC,2395,2395,2396.0333333333333,8.0,1.0333333333333334,BatchInference,5.0,0,0
16494,RegionD,RegionD,2395,2395,2397.6833333333334,22.0,2.683333333333333,BatchInference,5.0,0,0
42958,RegionA,RegionA,2395,2395,2401.016666666667,19.0,6.016666666666667,BatchInference,5.0,0,0
45986,RegionD,RegionD,2395,2395,2399.1833333333334,20.0,4.183333333333334,BatchInference,5.0,0,0
5435,RegionE,RegionE,2395,2395,2397.95,116.0,2.95,AITraining,5.0,0,0
6767,RegionF,RegionF,2395,2395,2395.7,29.0,0.7,AITraining,5.0,0,0
7372,RegionF,RegionF,2395,2395,2399.1,104.0,4.1,AITraining,5.0,0,0
22576,RegionF,RegionF,2395,2395,2398.0833333333335,16.0,3.0833333333333335,AITraining,5.0,0,0
24073,RegionB,RegionB,2395,2395,2396.5333333333333,110.0,1.5333333333333334,AITraining,5.0,0,0
32241,RegionD,RegionD,2395,2395,2395.233333333333,112.0,0.23333333333333334,AITraining,5.0,0,0
39773,RegionE,RegionE,2395,2395,2395.5666666666666,33.0,0.5666666666666667,AITraining,5.0,0,0
46011,RegionE,RegionE,2395,2395,2396.9666666666667,66.0,1.9666666666666666,AITraining,5.0,0,0
49640,RegionE,RegionE,2395,2395,2399.05,54.0,4.05,AITraining,5.0,0,0
38774,RegionA,RegionA,2396,2396,2396.55,4.0,0.55,RealTimeInference,5.0,0,0
28656,RegionC,RegionC,2396,2396,2397.3333333333335,4.0,1.3333333333333333,RealTimeInference,5.0,0,0
15175,RegionB,RegionB,2396,2396,2398.9166666666665,6.0,2.9166666666666665,RealTimeInference,5.0,0,0
23682,RegionB,RegionB,2396,2396,2400.616666666667,7.0,4.616666666666666,RealTimeInference,5.0,0,0
26836,RegionA,RegionA,2396,2396,2400.5333333333333,7.0,4.533333333333333,RealTimeInference,5.0,0,0
5138,RegionB,RegionB,2396,2396,2401.266666666667,1.0,5.266666666666667,RealTimeInference,5.0,0,0
18394,RegionA,RegionA,2396,2396,2401.4333333333334,3.0,5.433333333333334,RealTimeInference,5.0,0,0
49227,RegionC,RegionC,2396,2396,2401.25,3.0,5.25,RealTimeInference,5.0,0,0
40341,RegionA,RegionA,2396,2396,2402.4333333333334,2.0,6.433333333333334,RealTimeInference,5.0,0,0
3736,RegionD,RegionD,2396,2396,2402.6,19.0,6.6,BatchInference,5.0,0,0
7874,RegionC,RegionC,2396,2396,2396.45,21.0,0.45,BatchInference,5.0,0,0
10284,RegionF,RegionF,2396,2396,2398.2833333333333,14.0,2.283333333333333,BatchInference,5.0,0,0
10504,RegionC,RegionC,2396,2396,2397.15,4.0,1.15,BatchInference,5.0,0,0
12431,RegionB,RegionB,2396,2396,2399.2833333333333,17.0,3.283333333333333,BatchInference,5.0,0,0
20312,RegionD,RegionD,2396,2396,2400.133333333333,16.0,4.133333333333334,BatchInference,5.0,0,0
24995,RegionD,RegionD,2396,2396,2397.05,10.0,1.05,BatchInference,5.0,0,0
30715,RegionD,RegionD,2396,2396,2401.3166666666666,14.0,5.316666666666666,BatchInference,5.0,0,0
40505,RegionA,RegionA,2396,2396,2402.3333333333335,6.0,6.333333333333333,BatchInference,5.0,0,0
43993,RegionE,RegionE,2396,2396,2399.6666666666665,16.0,3.6666666666666665,BatchInference,5.0,0,0
14578,RegionE,RegionE,2396,2396,2402.25,31.0,6.25,AITraining,5.0,0,0
14844,RegionB,RegionB,2396,2396,2400.15,51.0,4.15,AITraining,5.0,0,0
14868,RegionF,RegionF,2396,2396,2402.45,22.0,6.45,AITraining,5.0,0,0
27964,RegionD,RegionD,2396,2396,2402.4166666666665,25.0,6.416666666666667,AITraining,5.0,0,0
28753,RegionE,RegionE,2396,2396,2397.75,74.0,1.75,AITraining,5.0,0,0
36157,RegionD,RegionD,2396,2396,2396.7833333333333,86.0,0.7833333333333333,AITraining,5.0,0,0
37857,RegionD,RegionD,2396,2396,2397.9166666666665,42.0,1.9166666666666667,AITraining,5.0,0,0
38786,RegionA,RegionA,2396,2396,2402.633333333333,95.0,6.633333333333334,AITraining,5.0,0,0
46184,RegionF,RegionF,2396,2396,2402.5,99.0,6.5,AITraining,5.0,0,0
48837,RegionD,RegionD,2396,2396,2399.85,23.0,3.85,AITraining,5.0,0,0
42220,RegionB,RegionB,2397,2397,2397.266666666667,2.0,0.26666666666666666,RealTimeInference,5.0,0,0
7165,RegionB,RegionB,2397,2397,2401.633333333333,5.0,4.633333333333334,RealTimeInference,5.0,0,0
701,RegionF,RegionF,2397,2397,2398.75,21.0,1.75,BatchInference,5.0,0,0
2648,RegionE,RegionE,2397,2397,2400.1833333333334,19.0,3.183333333333333,BatchInference,5.0,0,0
3928,RegionF,RegionF,2397,2397,2400.0333333333333,4.0,3.033333333333333,BatchInference,5.0,0,0
6392,RegionD,RegionD,2397,2397,2401.7833333333333,5.0,4.783333333333333,BatchInference,5.0,0,0
20799,RegionF,RegionF,2397,2397,2400.4,14.0,3.4,BatchInference,5.0,0,0
24255,RegionE,RegionE,2397,2397,2399.1,20.0,2.1,BatchInference,5.0,0,0
27547,RegionD,RegionD,2397,2397,2397.9666666666667,17.0,0.9666666666666667,BatchInference,5.0,0,0
29787,RegionA,RegionA,2397,2397,2401.1666666666665,7.0,4.166666666666667,BatchInference,5.0,0,0
34117,RegionB,RegionB,2397,2397,2397.6666666666665,19.0,0.6666666666666666,BatchInference,5.0,0,0
37081,RegionA,RegionA,2397,2397,2401.45,17.0,4.45,BatchInference,5.0,0,0
39629,RegionD,RegionD,2397,2397,2397.3166666666666,5.0,0.31666666666666665,BatchInference,5.0,0,0
46028,RegionA,RegionA,2397,2397,2398.116666666667,22.0,1.1166666666666667,BatchInference,5.0,0,0
46818,RegionC,RegionC,2397,2397,2399.8333333333335,16.0,2.8333333333333335,BatchInference,5.0,0,0
15916,RegionE,RegionE,2397,2397,2400.383333333333,81.0,3.3833333333333333,AITraining,5.0,0,0
21730,RegionF,RegionF,2397,2397,2401.8166666666666,49.0,4.816666666666666,AITraining,5.0,0,0
38408,RegionD,RegionD,2397,2397,2399.2833333333333,37.0,2.283333333333333,AITraining,5.0,0,0
47435,RegionE,RegionE,2397,2397,2403.516666666667,28.0,6.516666666666667,AITraining,5.0,0,0
49550,RegionA,RegionA,2397,2397,2399.0,120.0,2.0,AITraining,5.0,0,0
49575,RegionF,RegionF,2397,2397,2400.2166666666667,27.0,3.216666666666667,AITraining,5.0,0,0
49609,RegionA,RegionA,2397,2397,2398.1666666666665,38.0,1.1666666666666667,AITraining,5.0,0,0
17052,RegionC,RegionC,2398,2398,2398.55,2.0,0.55,RealTimeInference,5.0,0,0
22360,RegionD,RegionD,2398,2398,2398.1833333333334,6.0,0.18333333333333332,RealTimeInference,5.0,0,0
7530,RegionA,RegionA,2398,2398,2399.1666666666665,5.0,1.1666666666666667,RealTimeInference,5.0,0,0
40375,RegionA,RegionA,2398,2398,2399.3333333333335,4.0,1.3333333333333333,RealTimeInference,5.0,0,0
13381,RegionA,RegionA,2398,2398,2400.0833333333335,6.0,2.0833333333333335,RealTimeInference,5.0,0,0
30610,RegionB,RegionB,2398,2398,2400.6833333333334,7.0,2.683333333333333,RealTimeInference,5.0,0,0
4886,RegionF,RegionF,2398,2398,2401.3333333333335,3.0,3.3333333333333335,RealTimeInference,5.0,0,0
19172,RegionC,RegionC,2398,2398,2401.3166666666666,6.0,3.316666666666667,RealTimeInference,5.0,0,0
5272,RegionC,RegionC,2398,2398,2402.35,4.0,4.35,RealTimeInference,5.0,0,0
8972,RegionD,RegionD,2398,2398,2402.1,2.0,4.1,RealTimeInference,5.0,0,0
4418,RegionD,RegionD,2398,2398,2402.233333333333,11.0,4.233333333333333,BatchInference,5.0,0,0
8745,RegionB,RegionB,2398,2398,2400.1,21.0,2.1,BatchInference,5.0,0,0
11780,RegionF,RegionF,2398,2398,2398.5833333333335,21.0,0.5833333333333334,BatchInference,5.0,0,0
17421,RegionF,RegionF,2398,2398,2400.35,15.0,2.35,BatchInference,5.0,0,0
17938,RegionE,RegionE,2398,2398,2402.266666666667,23.0,4.266666666666667,BatchInference,5.0,0,0
22136,RegionE,RegionE,2398,2398,2399.3166666666666,7.0,1.3166666666666667,BatchInference,5.0,0,0
2473,RegionC,RegionC,2398,2398,2403.8333333333335,16.0,5.833333333333333,AITraining,5.0,0,0
4353,RegionE,RegionE,2398,2398,2401.7,21.0,3.7,AITraining,5.0,0,0
9572,RegionD,RegionD,2398,2398,2404.0666666666666,123.0,6.066666666666666,AITraining,5.0,0,0
19289,RegionE,RegionE,2398,2398,2404.016666666667,121.0,6.016666666666667,AITraining,5.0,0,0
23421,RegionE,RegionE,2398,2398,2402.4,19.0,4.4,AITraining,5.0,0,0
30449,RegionB,RegionB,2398,2398,2398.266666666667,44.0,0.26666666666666666,AITraining,5.0,0,0
33770,RegionD,RegionD,2398,2398,2400.3333333333335,88.0,2.3333333333333335,AITraining,5.0,0,0
37758,RegionD,RegionD,2398,2398,2402.7833333333333,25.0,4.783333333333333,AITraining,5.0,0,0
43423,RegionF,RegionF,2398,2398,2403.5,122.0,5.5,AITraining,5.0,0,0
46823,RegionD,RegionD,2398,2398,2400.983333333333,109.0,2.9833333333333334,AITraining,5.0,0,0
48528,RegionD,RegionD,2398,2398,2399.516666666667,36.0,1.5166666666666666,AITraining,5.0,0,0
16844,RegionF,RegionF,2399,2399,2399.85,1.0,0.85,RealTimeInference,5.0,0,0
9621,RegionC,RegionC,2399,2399,2400.3333333333335,6.0,1.3333333333333333,RealTimeInference,5.0,0,0
21400,RegionB,RegionB,2399,2399,2400.6833333333334,1.0,1.6833333333333333,RealTimeInference,5.0,0,0
7890,RegionE,RegionE,2399,2399,2403.4166666666665,4.0,4.416666666666667,RealTimeInference,5.0,0,0
39788,RegionC,RegionC,2399,2399,2403.383333333333,7.0,4.383333333333334,RealTimeInference,5.0,0,0
41451,RegionA,RegionA,2399,2399,2405.6,4.0,6.6,RealTimeInference,5.0,0,0
15242,RegionE,RegionE,2399,2399,2403.05,7.0,4.05,BatchInference,5.0,0,0
37062,RegionB,RegionB,2399,2399,2401.4666666666667,12.0,2.466666666666667,BatchInference,5.0,0,0
38165,RegionB,RegionB,2399,2399,2403.75,10.0,4.75,BatchInference,5.0,0,0
40966,RegionB,RegionB,2399,2399,2404.0833333333335,20.0,5.083333333333333,BatchInference,5.0,0,0
43786,RegionB,RegionB,2399,2399,2401.1,17.0,2.1,BatchInference,5.0,0,0
44439,RegionE,RegionE,2399,2399,2404.616666666667,6.0,5.616666666666666,BatchInference,5.0,0,0
46942,RegionC,RegionC,2399,2399,2404.7,11.0,5.7,BatchInference,5.0,0,0
49525,RegionB,RegionB,2399,2399,2402.116666666667,16.0,3.1166666666666667,BatchInference,5.0,0,0
1455,RegionF,RegionF,2399,2399,2401.733333333333,37.0,2.7333333333333334,AITraining,5.0,0,0
7857,RegionF,RegionF,2399,2399,2400.2833333333333,115.0,1.2833333333333334,AITraining,5.0,0,0
38894,RegionE,RegionE,2399,2399,2405.15,115.0,6.15,AITraining,5.0,0,0
42578,RegionC,RegionC,2399,2399,2402.9166666666665,37.0,3.9166666666666665,AITraining,5.0,0,0
48579,RegionF,RegionF,2399,2399,2401.5,119.0,2.5,AITraining,5.0,0,0
