X_运行日（d）,Y_无储能方案日内最大净电网交互功率（MW）,Y_无储能方案日内最小净电网交互功率（MW）,Y_无储能方案日均净电网交互功率（MW）,Y_储能优化方案日内最大净电网交互功率（MW）,Y_储能优化方案日内最小净电网交互功率（MW）,Y_储能优化方案日均净电网交互功率（MW）,Y_零功率参考线（MW）
1,-250.0648000000,-620.0000000000,-557.4427583153,-413.5242004166,-620.0000000000,-611.3968416840,0.0000000000
2,-304.4660995767,-620.0000000000,-549.8217291668,-620.0000000000,-620.0000000000,-620.0000000000,0.0000000000
3,-228.5938000033,-620.0000000000,-552.2008791306,-620.0000000000,-620.0000000000,-620.0000000000,0.0000000000
4,-267.4792004233,-620.0000000000,-551.9402625531,-619.9999997890,-620.0000000000,-619.9999999912,0.0000000000
5,-303.5741000100,-620.0000000000,-551.3461167561,-620.0000000000,-620.0000000000,-620.0000000000,0.0000000000
6,-290.1012000067,-620.0000000000,-557.8257916315,-620.0000000000,-620.0000000000,-620.0000000000,0.0000000000
7,-324.3880995734,-620.0000000000,-557.0183083857,-620.0000000000,-620.0000000000,-620.0000000000,0.0000000000
8,-292.9440995667,-620.0000000000,-552.5859250351,-616.9903016932,-620.0000000000,-619.8745959039,0.0000000000
9,-227.1624995767,-620.0000000000,-548.6214916667,-620.0000000000,-620.0000000000,-620.0000000000,0.0000000000
10,-287.5786999967,-620.0000000000,-555.2191459022,-620.0000000000,-620.0000000000,-620.0000000000,0.0000000000
11,-290.6790995767,-620.0000000000,-553.2696916314,-620.0000000000,-620.0000000000,-620.0000000000,0.0000000000
12,-242.8735991568,-620.0000000000,-551.4879582800,-611.6460004233,-620.0000000000,-619.6519166752,0.0000000000
13,-278.8028000033,-620.0000000000,-549.4738416654,-620.0000000000,-620.0000000000,-620.0000000000,0.0000000000
14,-233.6201999900,-620.0000000000,-555.8172792364,-613.8275020831,-620.0000000000,-619.7428125868,0.0000000000
15,-273.5009008432,-620.0000000000,-552.0213458692,-620.0000000000,-620.0000000000,-620.0000000000,0.0000000000
16,-313.0639000000,-620.0000000000,-564.0303376050,-620.0000000000,-620.0000000000,-620.0000000000,0.0000000000
17,-266.4121004233,-620.0000000000,-544.0937500003,-620.0000000000,-620.0000000000,-620.0000000000,0.0000000000
18,-318.8833004166,-620.0000000000,-551.0571166657,-597.3585004233,-620.0000000000,-619.0566041843,0.0000000000
19,-251.4652000000,-620.0000000000,-556.0350208150,-620.0000000000,-620.0000000000,-620.0000000000,0.0000000000
20,-246.4916008399,-620.0000000000,-549.4770083340,-564.2726000000,-620.0000000000,-617.6780250000,0.0000000000
21,-316.0933004266,-620.0000000000,-552.5274666496,-620.0000000000,-620.0000000000,-620.0000000000,0.0000000000
22,-273.5507004333,-620.0000000000,-552.9936000008,-620.0000000000,-620.0000000000,-620.0000000000,0.0000000000
23,-275.2290000100,-620.0000000000,-546.8706125703,-620.0000000000,-620.0000000000,-620.0000000000,0.0000000000
24,-247.7198004166,-620.0000000000,-542.7879624647,-618.9675008333,-620.0000000000,-619.9569792014,0.0000000000
25,-267.2236991601,-620.0000000000,-551.1567457983,-584.4171991534,-620.0000000000,-617.6528791138,0.0000000000
26,-253.6901004333,-620.0000000000,-551.4856582981,-620.0000000000,-620.0000000000,-620.0000000000,0.0000000000
27,-302.9087000000,-620.0000000000,-555.1061750164,-620.0000000000,-620.0000000000,-620.0000000000,0.0000000000
28,-227.9011991568,-620.0000000000,-551.3984458514,-620.0000000000,-620.0000000000,-620.0000000000,0.0000000000
29,-265.0372991501,-620.0000000000,-553.5995624646,-620.0000000000,-620.0000000000,-620.0000000000,0.0000000000
30,-250.2775999900,-620.0000000000,-550.4037624476,-617.3138983068,-620.0000000000,-619.8880790961,0.0000000000
31,-298.1606995667,-620.0000000000,-554.5816583511,-619.9999997808,-620.0000000000,-619.9999999909,0.0000000000
32,-307.1479000000,-620.0000000000,-561.7725874124,-620.0000000000,-620.0000000000,-620.0000000000,0.0000000000
33,-281.4036008499,-620.0000000000,-554.7867750890,-620.0000000000,-620.0000000000,-620.0000000000,0.0000000000
34,-264.9095999933,-620.0000000000,-554.7267041656,-620.0000000000,-620.0000000000,-620.0000000000,0.0000000000
35,-238.4386991568,-620.0000000000,-552.3691999658,-620.0000000000,-620.0000000000,-620.0000000000,0.0000000000
36,-243.9825995800,-620.0000000000,-551.6709873427,-620.0000000000,-620.0000000000,-620.0000000000,0.0000000000
37,-268.9835004233,-620.0000000000,-555.8655541833,-620.0000000000,-620.0000000000,-620.0000000000,0.0000000000
38,-254.8691012665,-620.0000000000,-548.3909708686,-620.0000000000,-620.0000000000,-620.0000000000,0.0000000000
39,-254.9866012665,-620.0000000000,-552.5392000705,-620.0000000000,-620.0000000000,-620.0000000000,0.0000000000
40,-290.8595999967,-620.0000000000,-551.0015249471,-620.0000000000,-620.0000000000,-620.0000000000,0.0000000000
41,-244.6724995734,-620.0000000000,-543.6360209039,-620.0000000000,-620.0000000000,-620.0000000000,0.0000000000
42,-254.0754995767,-620.0000000000,-555.0150666682,-620.0000000000,-620.0000000000,-620.0000000000,0.0000000000
43,-250.5469008499,-620.0000000000,-555.8199001064,-620.0000000000,-620.0000000000,-620.0000000000,0.0000000000
44,-273.2471004166,-620.0000000000,-548.1857292199,-620.0000000000,-620.0000000000,-620.0000000000,0.0000000000
45,-276.1809000000,-620.0000000000,-552.0490584205,-620.0000000000,-620.0000000000,-620.0000000000,0.0000000000
46,-259.7503000000,-620.0000000000,-551.8673333690,-620.0000000000,-620.0000000000,-620.0000000000,0.0000000000
47,-246.8932999967,-620.0000000000,-553.6385083681,-596.1150000000,-620.0000000000,-619.0047916667,0.0000000000
48,-304.4344995734,-620.0000000000,-553.9835415776,-620.0000000000,-620.0000000000,-620.0000000000,0.0000000000
49,-284.3819004166,-620.0000000000,-556.0900750887,-620.0000000000,-620.0000000000,-620.0000000000,0.0000000000
50,-318.5067004266,-620.0000000000,-552.5049458678,-620.0000000000,-620.0000000000,-620.0000000000,0.0000000000
51,-283.5723004233,-620.0000000000,-552.0158084033,-620.0000000000,-620.0000000000,-620.0000000000,0.0000000000
52,-280.0028012665,-620.0000000000,-551.3221751053,-613.4494016932,-620.0000000000,-619.7270584039,0.0000000000
53,-289.5523999933,-620.0000000000,-555.5871834026,-620.0000000000,-620.0000000000,-620.0000000000,0.0000000000
54,-302.9777008399,-620.0000000000,-554.1422250519,-620.0000000000,-620.0000000000,-620.0000000000,0.0000000000
55,-274.0626995734,-620.0000000000,-556.8917083333,-620.0000000000,-620.0000000000,-620.0000000000,0.0000000000
56,-310.6194004166,-620.0000000000,-554.6916501053,-620.0000000000,-620.0000000000,-620.0000000000,0.0000000000
57,-249.3147004133,-620.0000000000,-555.0505207622,-620.0000000000,-620.0000000000,-620.0000000000,0.0000000000
58,-249.5864000000,-620.0000000000,-555.6481791847,-620.0000000000,-620.0000000000,-620.0000000000,0.0000000000
59,-314.6546000100,-620.0000000000,-558.1758208168,-620.0000000000,-620.0000000000,-620.0000000000,0.0000000000
60,-263.5995008432,-620.0000000000,-555.4439000874,-620.0000000000,-620.0000000000,-620.0000000000,0.0000000000
61,-277.8871999967,-620.0000000000,-552.8825333335,-620.0000000000,-620.0000000000,-620.0000000000,0.0000000000
62,-270.2332008399,-620.0000000000,-548.6457834380,-620.0000000000,-620.0000000000,-620.0000000000,0.0000000000
63,-283.3668000000,-620.0000000000,-546.5681792014,-620.0000000000,-620.0000000000,-620.0000000000,0.0000000000
64,-222.3499991501,-620.0000000000,-547.9311582097,-587.9895983068,-620.0000000000,-618.6662332628,0.0000000000
65,-294.1183995867,-620.0000000000,-553.2376290961,-620.0000000000,-620.0000000000,-620.0000000000,0.0000000000
66,-279.7183999933,-620.0000000000,-549.5827083150,-620.0000000000,-620.0000000000,-620.0000000000,0.0000000000
67,-278.9909991501,-620.0000000000,-561.0015167367,-620.0000000000,-620.0000000000,-620.0000000000,0.0000000000
68,-253.6074999900,-620.0000000000,-548.6312000875,-620.0000000000,-620.0000000000,-620.0000000000,0.0000000000
69,-273.2454012665,-620.0000000000,-556.8948042900,-620.0000000000,-620.0000000000,-620.0000000000,0.0000000000
70,-310.7571995734,-620.0000000000,-555.7727749297,-620.0000000000,-620.0000000000,-620.0000000000,0.0000000000
71,-257.0777004200,-620.0000000000,-553.2101208328,-620.0000000000,-620.0000000000,-620.0000000000,0.0000000000
72,-290.9151000100,-620.0000000000,-548.9890958689,-620.0000000000,-620.0000000000,-620.0000000000,0.0000000000
73,-314.0044995867,-620.0000000000,-555.3303001233,-620.0000000000,-620.0000000000,-620.0000000000,0.0000000000
74,-288.5900004333,-620.0000000000,-549.9975458508,-620.0000000000,-620.0000000000,-620.0000000000,0.0000000000
75,-298.3034000067,-620.0000000000,-554.9261042019,-620.0000000000,-620.0000000000,-620.0000000000,0.0000000000
76,-329.6941008499,-620.0000000000,-557.5644292374,-619.9999984518,-620.0000000000,-619.9999999355,0.0000000000
77,-263.0388008432,-620.0000000000,-553.7352375361,-620.0000000000,-620.0000000000,-620.0000000000,0.0000000000
78,-285.3616999933,-620.0000000000,-550.7453333329,-620.0000000000,-620.0000000000,-620.0000000000,0.0000000000
79,-287.5572008499,-620.0000000000,-558.7644500892,-593.4571995767,-620.0000000000,-618.8940499824,0.0000000000
80,-259.4658991568,-620.0000000000,-551.4540124297,-620.0000000000,-620.0000000000,-620.0000000000,0.0000000000
81,-238.4724004166,-620.0000000000,-552.2041417551,-602.0321004233,-620.0000000000,-618.7831791843,0.0000000000
82,-281.3105004166,-620.0000000000,-553.2467626058,-620.0000000000,-620.0000000000,-620.0000000000,0.0000000000
83,-256.4370004233,-620.0000000000,-547.8861168248,-620.0000000000,-620.0000000000,-620.0000000000,0.0000000000
84,-285.7504012665,-620.0000000000,-551.0732417372,-610.1347012699,-620.0000000000,-619.5889458862,0.0000000000
85,-249.1130995734,-620.0000000000,-550.7994206931,-620.0000000000,-620.0000000000,-620.0000000000,0.0000000000
86,-220.0019995834,-620.0000000000,-552.3664541679,-567.4174987501,-620.0000000000,-617.8090624479,0.0000000000
87,-274.9942987335,-620.0000000000,-553.6282665971,-620.0000000000,-620.0000000000,-620.0000000000,0.0000000000
88,-283.1911000033,-620.0000000000,-549.4404250176,-620.0000000000,-620.0000000000,-620.0000000000,0.0000000000
89,-286.9710004133,-620.0000000000,-556.3563291653,-620.0000000000,-620.0000000000,-620.0000000000,0.0000000000
90,-288.2460995667,-620.0000000000,-557.4476167364,-620.0000000000,-620.0000000000,-620.0000000000,0.0000000000
91,-284.7181991601,-620.0000000000,-550.7892790968,-620.0000000000,-620.0000000000,-620.0000000000,0.0000000000
92,-289.1611004333,-620.0000000000,-551.2741833336,-620.0000000000,-620.0000000000,-620.0000000000,0.0000000000
93,-249.8426008399,-620.0000000000,-552.4337041494,-620.0000000000,-620.0000000000,-620.0000000000,0.0000000000
94,-293.1609008499,-620.0000000000,-549.7693250351,-620.0000000000,-620.0000000000,-620.0000000000,0.0000000000
95,-281.5473995734,-620.0000000000,-548.1902290601,-620.0000000000,-620.0000000000,-620.0000000000,0.0000000000
96,-317.1319004166,-620.0000000000,-555.2137832276,-620.0000000000,-620.0000000000,-620.0000000000,0.0000000000
97,-267.2752004233,-620.0000000000,-554.9925375882,-620.0000000000,-620.0000000000,-620.0000000000,0.0000000000
98,-291.3822999900,-620.0000000000,-554.8727792010,-620.0000000000,-620.0000000000,-620.0000000000,0.0000000000
99,-308.3161999967,-620.0000000000,-557.6476082800,-620.0000000000,-620.0000000000,-620.0000000000,0.0000000000
100,-294.5922995800,-620.0000000000,-553.4566708503,-620.0000000000,-620.0000000000,-620.0000000000,0.0000000000
101,-82.4038029100,-620.0000000000,-476.4790557729,-541.3300512433,-620.0000000000,-608.7614358919,0.0000000000
