X_时间（h）,Y_E0净电网交互功率（MW）,Y_E1净电网交互功率（MW）
0,-250.0648000000,-413.5242004166
1,-338.1896004166,-620.0000000000
2,-411.6426995734,-620.0000000000
3,-532.2665000000,-620.0000000000
4,-620.0000000000,-620.0000000000
5,-620.0000000000,-620.0000000000
6,-620.0000000000,-620.0000000000
7,-620.0000000000,-620.0000000000
8,-620.0000000000,-620.0000000000
9,-620.0000000000,-620.0000000000
10,-620.0000000000,-620.0000000000
11,-620.0000000000,-620.0000000000
12,-620.0000000000,-620.0000000000
13,-620.0000000000,-620.0000000000
14,-620.0000000000,-620.0000000000
15,-620.0000000000,-620.0000000000
16,-620.0000000000,-620.0000000000
17,-620.0000000000,-620.0000000000
18,-620.0000000000,-620.0000000000
19,-620.0000000000,-620.0000000000
20,-620.0000000000,-620.0000000000
21,-565.4906004233,-620.0000000000
22,-419.8985999967,-620.0000000000
23,-321.0733991568,-620.0000000000
24,-304.4660995767,-620.0000000000
25,-306.7276000000,-620.0000000000
26,-332.5400004266,-620.0000000000
27,-483.6150000000,-620.0000000000
28,-620.0000000000,-620.0000000000
29,-620.0000000000,-620.0000000000
30,-620.0000000000,-620.0000000000
31,-620.0000000000,-620.0000000000
32,-620.0000000000,-620.0000000000
33,-620.0000000000,-620.0000000000
34,-620.0000000000,-620.0000000000
35,-620.0000000000,-620.0000000000
36,-620.0000000000,-620.0000000000
37,-620.0000000000,-620.0000000000
38,-620.0000000000,-620.0000000000
39,-620.0000000000,-620.0000000000
40,-620.0000000000,-620.0000000000
41,-620.0000000000,-620.0000000000
42,-620.0000000000,-620.0000000000
43,-620.0000000000,-620.0000000000
44,-620.0000000000,-620.0000000000
45,-497.9700008499,-620.0000000000
46,-366.3633995667,-620.0000000000
47,-364.0393995834,-620.0000000000
48,-228.5938000033,-620.0000000000
49,-321.2355004133,-620.0000000000
50,-388.6445000100,-620.0000000000
51,-519.7958991501,-620.0000000000
52,-617.6637995767,-620.0000000000
53,-620.0000000000,-620.0000000000
54,-620.0000000000,-620.0000000000
55,-620.0000000000,-620.0000000000
56,-620.0000000000,-620.0000000000
57,-620.0000000000,-620.0000000000
58,-620.0000000000,-620.0000000000
59,-620.0000000000,-620.0000000000
60,-620.0000000000,-620.0000000000
61,-620.0000000000,-620.0000000000
62,-620.0000000000,-620.0000000000
63,-620.0000000000,-620.0000000000
64,-620.0000000000,-620.0000000000
65,-620.0000000000,-620.0000000000
66,-620.0000000000,-620.0000000000
67,-620.0000000000,-620.0000000000
68,-620.0000000000,-620.0000000000
69,-496.4589004133,-620.0000000000
70,-448.4494995767,-620.0000000000
71,-311.9791999900,-620.0000000000
72,-267.4792004233,-620.0000000000
73,-270.8807000033,-619.9999997890
74,-379.3673995767,-620.0000000000
75,-529.8581008399,-620.0000000000
76,-620.0000000000,-620.0000000000
77,-620.0000000000,-620.0000000000
78,-620.0000000000,-620.0000000000
79,-620.0000000000,-620.0000000000
80,-620.0000000000,-620.0000000000
81,-620.0000000000,-620.0000000000
82,-620.0000000000,-620.0000000000
83,-620.0000000000,-620.0000000000
84,-620.0000000000,-620.0000000000
85,-620.0000000000,-620.0000000000
86,-620.0000000000,-620.0000000000
87,-620.0000000000,-620.0000000000
88,-620.0000000000,-620.0000000000
89,-620.0000000000,-620.0000000000
90,-620.0000000000,-620.0000000000
91,-620.0000000000,-620.0000000000
92,-620.0000000000,-620.0000000000
93,-510.1627000067,-620.0000000000
94,-433.1627000000,-620.0000000000
95,-315.6555004233,-620.0000000000
96,-317.2454004266,-620.0000000000
97,-303.5741000100,-620.0000000000
98,-326.4438000000,-620.0000000000
99,-494.0371004266,-620.0000000000
100,-620.0000000000,-620.0000000000
101,-620.0000000000,-620.0000000000
102,-620.0000000000,-620.0000000000
103,-620.0000000000,-620.0000000000
104,-620.0000000000,-620.0000000000
105,-620.0000000000,-620.0000000000
106,-620.0000000000,-620.0000000000
107,-620.0000000000,-620.0000000000
108,-620.0000000000,-620.0000000000
109,-620.0000000000,-620.0000000000
110,-620.0000000000,-620.0000000000
111,-620.0000000000,-620.0000000000
112,-620.0000000000,-620.0000000000
113,-620.0000000000,-620.0000000000
114,-620.0000000000,-620.0000000000
115,-620.0000000000,-620.0000000000
116,-620.0000000000,-620.0000000000
117,-522.8822008499,-620.0000000000
118,-377.5075004333,-620.0000000000
119,-350.6167000000,-620.0000000000
120,-308.7249995834,-620.0000000000
121,-298.2537995867,-620.0000000000
122,-479.3878999933,-620.0000000000
123,-538.9999995767,-620.0000000000
124,-605.4240995767,-620.0000000000
125,-620.0000000000,-620.0000000000
126,-620.0000000000,-620.0000000000
127,-620.0000000000,-620.0000000000
128,-620.0000000000,-620.0000000000
129,-620.0000000000,-620.0000000000
130,-620.0000000000,-620.0000000000
131,-620.0000000000,-620.0000000000
132,-620.0000000000,-620.0000000000
133,-620.0000000000,-620.0000000000
134,-620.0000000000,-620.0000000000
135,-620.0000000000,-620.0000000000
136,-620.0000000000,-620.0000000000
137,-620.0000000000,-620.0000000000
138,-620.0000000000,-620.0000000000
139,-620.0000000000,-620.0000000000
140,-620.0000000000,-620.0000000000
141,-513.6027995667,-620.0000000000
142,-433.3242012665,-620.0000000000
143,-290.1012000067,-620.0000000000
144,-324.3880995734,-620.0000000000
145,-336.2694004200,-620.0000000000
146,-390.4094004266,-620.0000000000
147,-529.6016004166,-620.0000000000
148,-620.0000000000,-620.0000000000
149,-620.0000000000,-620.0000000000
150,-620.0000000000,-620.0000000000
151,-620.0000000000,-620.0000000000
152,-620.0000000000,-620.0000000000
153,-620.0000000000,-620.0000000000
154,-620.0000000000,-620.0000000000
155,-620.0000000000,-620.0000000000
156,-620.0000000000,-620.0000000000
157,-620.0000000000,-620.0000000000
158,-620.0000000000,-620.0000000000
159,-620.0000000000,-620.0000000000
160,-620.0000000000,-620.0000000000
161,-620.0000000000,-620.0000000000
162,-620.0000000000,-620.0000000000
163,-620.0000000000,-620.0000000000
164,-597.3848004233,-620.0000000000
165,-516.1106999967,-620.0000000000
166,-390.4720000000,-620.0000000000
167,-363.8034000000,-620.0000000000
168,-332.9635995834,-616.9903016932
169,-337.7036000067,-620.0000000000
170,-324.3697995734,-620.0000000000
171,-509.3540000067,-620.0000000000
172,-611.5375000000,-620.0000000000
173,-620.0000000000,-620.0000000000
174,-620.0000000000,-620.0000000000
175,-620.0000000000,-620.0000000000
176,-620.0000000000,-620.0000000000
177,-620.0000000000,-620.0000000000
178,-620.0000000000,-620.0000000000
179,-620.0000000000,-620.0000000000
180,-620.0000000000,-620.0000000000
181,-620.0000000000,-620.0000000000
182,-620.0000000000,-620.0000000000
183,-620.0000000000,-620.0000000000
184,-620.0000000000,-620.0000000000
185,-620.0000000000,-620.0000000000
186,-620.0000000000,-620.0000000000
187,-620.0000000000,-620.0000000000
188,-601.4775008399,-620.0000000000
189,-535.7334004166,-620.0000000000
190,-415.9787008499,-620.0000000000
191,-292.9440995667,-620.0000000000
192,-227.1624995767,-620.0000000000
193,-297.8264008499,-620.0000000000
194,-399.8237008432,-620.0000000000
195,-547.4741000000,-620.0000000000
196,-620.0000000000,-620.0000000000
197,-620.0000000000,-620.0000000000
198,-620.0000000000,-620.0000000000
199,-620.0000000000,-620.0000000000
200,-620.0000000000,-620.0000000000
201,-620.0000000000,-620.0000000000
202,-620.0000000000,-620.0000000000
203,-620.0000000000,-620.0000000000
204,-620.0000000000,-620.0000000000
205,-620.0000000000,-620.0000000000
206,-620.0000000000,-620.0000000000
207,-620.0000000000,-620.0000000000
208,-620.0000000000,-620.0000000000
209,-620.0000000000,-620.0000000000
210,-620.0000000000,-620.0000000000
211,-620.0000000000,-620.0000000000
212,-593.0101000000,-620.0000000000
213,-523.9384995734,-620.0000000000
214,-373.3668991568,-620.0000000000
215,-284.3136000000,-620.0000000000
216,-287.5786999967,-620.0000000000
217,-300.9951008399,-620.0000000000
218,-372.0048999967,-620.0000000000
219,-496.0712999900,-620.0000000000
220,-620.0000000000,-620.0000000000
221,-620.0000000000,-620.0000000000
222,-620.0000000000,-620.0000000000
223,-620.0000000000,-620.0000000000
224,-620.0000000000,-620.0000000000
225,-620.0000000000,-620.0000000000
226,-620.0000000000,-620.0000000000
227,-620.0000000000,-620.0000000000
228,-620.0000000000,-620.0000000000
229,-620.0000000000,-620.0000000000
230,-620.0000000000,-620.0000000000
231,-620.0000000000,-620.0000000000
232,-620.0000000000,-620.0000000000
233,-620.0000000000,-620.0000000000
234,-620.0000000000,-620.0000000000
235,-620.0000000000,-620.0000000000
236,-612.9745000000,-620.0000000000
237,-507.4533004166,-620.0000000000
238,-483.7647000000,-620.0000000000
239,-344.4170004133,-620.0000000000
240,-298.7548008399,-620.0000000000
241,-290.6790995767,-620.0000000000
242,-399.5867991568,-620.0000000000
243,-543.5313004233,-620.0000000000
244,-620.0000000000,-620.0000000000
245,-620.0000000000,-620.0000000000
246,-620.0000000000,-620.0000000000
247,-620.0000000000,-620.0000000000
248,-620.0000000000,-620.0000000000
249,-620.0000000000,-620.0000000000
250,-620.0000000000,-620.0000000000
251,-620.0000000000,-620.0000000000
252,-620.0000000000,-620.0000000000
253,-620.0000000000,-620.0000000000
254,-620.0000000000,-620.0000000000
255,-620.0000000000,-620.0000000000
256,-620.0000000000,-620.0000000000
257,-620.0000000000,-620.0000000000
258,-620.0000000000,-620.0000000000
259,-620.0000000000,-620.0000000000
260,-603.9400004166,-620.0000000000
261,-534.5974995834,-620.0000000000
262,-379.1729995800,-620.0000000000
263,-308.2100995767,-620.0000000000
264,-242.8735991568,-619.9999997805
265,-313.5133008399,-620.0000000000
266,-402.3408995734,-620.0000000000
267,-465.3257000000,-611.6460004233
268,-620.0000000000,-620.0000000000
269,-620.0000000000,-620.0000000000
270,-620.0000000000,-620.0000000000
271,-620.0000000000,-620.0000000000
272,-620.0000000000,-620.0000000000
273,-620.0000000000,-620.0000000000
274,-620.0000000000,-620.0000000000
275,-620.0000000000,-620.0000000000
276,-620.0000000000,-620.0000000000
277,-620.0000000000,-620.0000000000
278,-620.0000000000,-620.0000000000
279,-620.0000000000,-620.0000000000
280,-620.0000000000,-620.0000000000
281,-620.0000000000,-620.0000000000
282,-620.0000000000,-620.0000000000
283,-620.0000000000,-620.0000000000
284,-609.0121000000,-620.0000000000
285,-534.0347004166,-620.0000000000
286,-431.1825987335,-620.0000000000
287,-317.4281000000,-620.0000000000
288,-278.8028000033,-620.0000000000
289,-332.3929004133,-620.0000000000
290,-413.3662991501,-620.0000000000
291,-465.5289995834,-620.0000000000
292,-614.1156999933,-620.0000000000
293,-620.0000000000,-620.0000000000
294,-620.0000000000,-620.0000000000
295,-620.0000000000,-620.0000000000
296,-620.0000000000,-620.0000000000
297,-620.0000000000,-620.0000000000
298,-620.0000000000,-620.0000000000
299,-620.0000000000,-620.0000000000
300,-620.0000000000,-620.0000000000
301,-620.0000000000,-620.0000000000
302,-620.0000000000,-620.0000000000
303,-620.0000000000,-620.0000000000
304,-620.0000000000,-620.0000000000
305,-620.0000000000,-620.0000000000
306,-620.0000000000,-620.0000000000
307,-620.0000000000,-620.0000000000
308,-620.0000000000,-620.0000000000
309,-458.9320004166,-620.0000000000
310,-413.8079999933,-620.0000000000
311,-290.4255004166,-620.0000000000
312,-233.6201999900,-613.8275020831
313,-349.0431995734,-620.0000000000
314,-432.8474004233,-620.0000000000
315,-513.6354004166,-620.0000000000
316,-620.0000000000,-620.0000000000
317,-620.0000000000,-620.0000000000
318,-620.0000000000,-620.0000000000
319,-620.0000000000,-620.0000000000
320,-620.0000000000,-620.0000000000
321,-620.0000000000,-620.0000000000
322,-620.0000000000,-620.0000000000
323,-620.0000000000,-620.0000000000
324,-620.0000000000,-620.0000000000
325,-620.0000000000,-620.0000000000
326,-620.0000000000,-620.0000000000
327,-620.0000000000,-620.0000000000
328,-620.0000000000,-620.0000000000
329,-620.0000000000,-620.0000000000
330,-620.0000000000,-620.0000000000
331,-620.0000000000,-620.0000000000
332,-620.0000000000,-620.0000000000
333,-558.4280995767,-620.0000000000
334,-405.4314008432,-620.0000000000
335,-306.6090008499,-620.0000000000
336,-273.5009008432,-620.0000000000
337,-281.3536004233,-620.0000000000
338,-442.9303004233,-620.0000000000
339,-495.0202995834,-620.0000000000
340,-620.0000000000,-620.0000000000
341,-620.0000000000,-620.0000000000
342,-620.0000000000,-620.0000000000
343,-620.0000000000,-620.0000000000
344,-620.0000000000,-620.0000000000
345,-620.0000000000,-620.0000000000
346,-620.0000000000,-620.0000000000
347,-620.0000000000,-620.0000000000
348,-620.0000000000,-620.0000000000
349,-620.0000000000,-620.0000000000
350,-620.0000000000,-620.0000000000
351,-620.0000000000,-620.0000000000
352,-620.0000000000,-620.0000000000
353,-620.0000000000,-620.0000000000
354,-620.0000000000,-620.0000000000
355,-620.0000000000,-620.0000000000
356,-616.2275000000,-620.0000000000
357,-519.8786999967,-620.0000000000
358,-408.4186995834,-620.0000000000
359,-291.1823000067,-620.0000000000
360,-321.0468004133,-620.0000000000
361,-313.0639000000,-620.0000000000
362,-444.9025008432,-620.0000000000
363,-577.9623995767,-620.0000000000
364,-601.6612004166,-620.0000000000
365,-620.0000000000,-620.0000000000
366,-620.0000000000,-620.0000000000
367,-620.0000000000,-620.0000000000
368,-620.0000000000,-620.0000000000
369,-620.0000000000,-620.0000000000
370,-620.0000000000,-620.0000000000
371,-620.0000000000,-620.0000000000
372,-620.0000000000,-620.0000000000
373,-620.0000000000,-620.0000000000
374,-620.0000000000,-620.0000000000
375,-620.0000000000,-620.0000000000
376,-620.0000000000,-620.0000000000
377,-620.0000000000,-620.0000000000
378,-620.0000000000,-620.0000000000
379,-620.0000000000,-620.0000000000
380,-586.8469008399,-620.0000000000
381,-544.4437008399,-620.0000000000
382,-464.6777004333,-620.0000000000
383,-382.1229991568,-620.0000000000
384,-266.4121004233,-620.0000000000
385,-276.5655008432,-620.0000000000
386,-350.7016000033,-620.0000000000
387,-522.7312004166,-620.0000000000
388,-595.6450995767,-620.0000000000
389,-620.0000000000,-620.0000000000
390,-620.0000000000,-620.0000000000
391,-620.0000000000,-620.0000000000
392,-620.0000000000,-620.0000000000
393,-620.0000000000,-620.0000000000
394,-620.0000000000,-620.0000000000
395,-620.0000000000,-620.0000000000
396,-620.0000000000,-620.0000000000
397,-620.0000000000,-620.0000000000
398,-620.0000000000,-620.0000000000
399,-620.0000000000,-620.0000000000
400,-620.0000000000,-620.0000000000
401,-620.0000000000,-620.0000000000
402,-620.0000000000,-620.0000000000
403,-620.0000000000,-620.0000000000
404,-620.0000000000,-620.0000000000
405,-436.1315000067,-620.0000000000
406,-384.7886991601,-620.0000000000
407,-305.2742995767,-620.0000000000
408,-320.7718999967,-620.0000000000
409,-350.6537995734,-620.0000000000
410,-318.8833004166,-620.0000000000
411,-485.3738004233,-597.3585004233
412,-599.4374995834,-620.0000000000
413,-620.0000000000,-620.0000000000
414,-620.0000000000,-620.0000000000
415,-620.0000000000,-620.0000000000
416,-620.0000000000,-620.0000000000
417,-620.0000000000,-620.0000000000
418,-620.0000000000,-620.0000000000
419,-620.0000000000,-620.0000000000
420,-620.0000000000,-620.0000000000
421,-620.0000000000,-620.0000000000
422,-620.0000000000,-620.0000000000
423,-620.0000000000,-620.0000000000
424,-620.0000000000,-620.0000000000
425,-620.0000000000,-620.0000000000
426,-620.0000000000,-620.0000000000
427,-620.0000000000,-620.0000000000
428,-602.1583000000,-620.0000000000
429,-542.9598004200,-620.0000000000
430,-356.4357999900,-620.0000000000
431,-348.6965995734,-620.0000000000
432,-251.4652000000,-620.0000000000
433,-372.8474995800,-620.0000000000
434,-425.8504995734,-620.0000000000
435,-523.4868004233,-620.0000000000
436,-620.0000000000,-620.0000000000
437,-620.0000000000,-620.0000000000
438,-620.0000000000,-620.0000000000
439,-620.0000000000,-620.0000000000
440,-620.0000000000,-620.0000000000
441,-620.0000000000,-620.0000000000
442,-620.0000000000,-620.0000000000
443,-620.0000000000,-620.0000000000
444,-620.0000000000,-620.0000000000
445,-620.0000000000,-620.0000000000
446,-620.0000000000,-620.0000000000
447,-620.0000000000,-620.0000000000
448,-620.0000000000,-620.0000000000
449,-620.0000000000,-620.0000000000
450,-620.0000000000,-620.0000000000
451,-620.0000000000,-620.0000000000
452,-595.4993000000,-620.0000000000
453,-522.9977999933,-620.0000000000
454,-416.7264004166,-620.0000000000
455,-315.9669995734,-620.0000000000
456,-312.5754987335,-620.0000000000
457,-246.4916008399,-620.0000000000
458,-405.4955999967,-620.0000000000
459,-533.1550000100,-564.2726000000
460,-594.6249995834,-620.0000000000
461,-620.0000000000,-620.0000000000
462,-620.0000000000,-620.0000000000
463,-620.0000000000,-620.0000000000
464,-620.0000000000,-620.0000000000
465,-620.0000000000,-620.0000000000
466,-620.0000000000,-620.0000000000
467,-620.0000000000,-620.0000000000
468,-620.0000000000,-620.0000000000
469,-620.0000000000,-620.0000000000
470,-620.0000000000,-620.0000000000
471,-620.0000000000,-620.0000000000
472,-620.0000000000,-620.0000000000
473,-620.0000000000,-620.0000000000
474,-620.0000000000,-620.0000000000
475,-620.0000000000,-620.0000000000
476,-605.8024995834,-620.0000000000
477,-575.0296008399,-620.0000000000
478,-361.4137000033,-620.0000000000
479,-252.8597004266,-620.0000000000
480,-316.0933004266,-620.0000000000
481,-323.1400004133,-620.0000000000
482,-416.9365991601,-620.0000000000
483,-466.7725999933,-620.0000000000
484,-620.0000000000,-620.0000000000
485,-620.0000000000,-620.0000000000
486,-620.0000000000,-620.0000000000
487,-620.0000000000,-620.0000000000
488,-620.0000000000,-620.0000000000
489,-620.0000000000,-620.0000000000
490,-620.0000000000,-620.0000000000
491,-620.0000000000,-620.0000000000
492,-620.0000000000,-620.0000000000
493,-620.0000000000,-620.0000000000
494,-620.0000000000,-620.0000000000
495,-620.0000000000,-620.0000000000
496,-620.0000000000,-620.0000000000
497,-620.0000000000,-620.0000000000
498,-620.0000000000,-620.0000000000
499,-620.0000000000,-620.0000000000
500,-620.0000000000,-620.0000000000
501,-502.4451000100,-620.0000000000
502,-363.2789004266,-620.0000000000
503,-331.9926991601,-620.0000000000
504,-292.9920000000,-620.0000000000
505,-355.2436000000,-620.0000000000
506,-406.5850000067,-620.0000000000
507,-545.5830008399,-620.0000000000
508,-616.0412995767,-620.0000000000
509,-620.0000000000,-620.0000000000
510,-620.0000000000,-620.0000000000
511,-620.0000000000,-620.0000000000
512,-620.0000000000,-620.0000000000
513,-620.0000000000,-620.0000000000
514,-620.0000000000,-620.0000000000
515,-620.0000000000,-620.0000000000
516,-620.0000000000,-620.0000000000
517,-620.0000000000,-620.0000000000
518,-620.0000000000,-620.0000000000
519,-620.0000000000,-620.0000000000
520,-620.0000000000,-620.0000000000
521,-620.0000000000,-620.0000000000
522,-620.0000000000,-620.0000000000
523,-620.0000000000,-620.0000000000
524,-620.0000000000,-620.0000000000
525,-477.3876995867,-620.0000000000
526,-384.4630995767,-620.0000000000
527,-273.5507004333,-620.0000000000
528,-297.3764995667,-620.0000000000
529,-275.2290000100,-620.0000000000
530,-384.8491999933,-620.0000000000
531,-440.8604004333,-620.0000000000
532,-620.0000000000,-620.0000000000
533,-620.0000000000,-620.0000000000
534,-620.0000000000,-620.0000000000
535,-620.0000000000,-620.0000000000
536,-620.0000000000,-620.0000000000
537,-620.0000000000,-620.0000000000
538,-620.0000000000,-620.0000000000
539,-620.0000000000,-620.0000000000
540,-620.0000000000,-620.0000000000
541,-620.0000000000,-620.0000000000
542,-620.0000000000,-620.0000000000
543,-620.0000000000,-620.0000000000
544,-620.0000000000,-620.0000000000
545,-620.0000000000,-620.0000000000
546,-620.0000000000,-620.0000000000
547,-620.0000000000,-620.0000000000
548,-603.0775000000,-620.0000000000
549,-528.8058004233,-620.0000000000
550,-390.4840004166,-620.0000000000
551,-284.2123008432,-620.0000000000
552,-306.1482000067,-620.0000000000
553,-247.7198004166,-620.0000000000
554,-301.3866987335,-620.0000000000
555,-491.9897008432,-618.9675008333
556,-620.0000000000,-620.0000000000
557,-620.0000000000,-620.0000000000
558,-620.0000000000,-620.0000000000
559,-620.0000000000,-620.0000000000
560,-620.0000000000,-620.0000000000
561,-620.0000000000,-620.0000000000
562,-620.0000000000,-620.0000000000
563,-620.0000000000,-620.0000000000
564,-620.0000000000,-620.0000000000
565,-620.0000000000,-620.0000000000
566,-620.0000000000,-620.0000000000
567,-620.0000000000,-620.0000000000
568,-620.0000000000,-620.0000000000
569,-620.0000000000,-620.0000000000
570,-620.0000000000,-620.0000000000
571,-620.0000000000,-620.0000000000
572,-620.0000000000,-620.0000000000
573,-452.6749000033,-620.0000000000
574,-400.1686995767,-620.0000000000
575,-286.8230995734,-620.0000000000
576,-267.2236991601,-620.0000000000
577,-345.4230995734,-620.0000000000
578,-362.2366004233,-620.0000000000
579,-492.2090000100,-584.4171991534
580,-599.2518995767,-599.2518995767
581,-620.0000000000,-620.0000000000
582,-620.0000000000,-620.0000000000
583,-620.0000000000,-620.0000000000
584,-620.0000000000,-620.0000000000
585,-620.0000000000,-620.0000000000
586,-620.0000000000,-620.0000000000
587,-620.0000000000,-620.0000000000
588,-620.0000000000,-620.0000000000
589,-620.0000000000,-620.0000000000
590,-620.0000000000,-620.0000000000
591,-620.0000000000,-620.0000000000
592,-620.0000000000,-620.0000000000
593,-620.0000000000,-620.0000000000
594,-620.0000000000,-620.0000000000
595,-620.0000000000,-620.0000000000
596,-620.0000000000,-620.0000000000
597,-543.6082995767,-620.0000000000
598,-388.3902004166,-620.0000000000
599,-309.4191004233,-620.0000000000
600,-280.0088987335,-620.0000000000
601,-317.8636008399,-620.0000000000
602,-451.1715991568,-620.0000000000
603,-540.0934000000,-620.0000000000
604,-605.6907995767,-620.0000000000
605,-620.0000000000,-620.0000000000
606,-620.0000000000,-620.0000000000
607,-620.0000000000,-620.0000000000
608,-620.0000000000,-620.0000000000
609,-620.0000000000,-620.0000000000
610,-620.0000000000,-620.0000000000
611,-620.0000000000,-620.0000000000
612,-620.0000000000,-620.0000000000
613,-620.0000000000,-620.0000000000
614,-620.0000000000,-620.0000000000
615,-620.0000000000,-620.0000000000
616,-620.0000000000,-620.0000000000
617,-620.0000000000,-620.0000000000
618,-620.0000000000,-620.0000000000
619,-620.0000000000,-620.0000000000
620,-618.6387004233,-620.0000000000
621,-493.8377008399,-620.0000000000
622,-374.6609991501,-620.0000000000
623,-253.6901004333,-620.0000000000
624,-313.5805004166,-620.0000000000
625,-319.5465999900,-620.0000000000
626,-379.0135999967,-620.0000000000
627,-518.7067999967,-620.0000000000
628,-620.0000000000,-620.0000000000
629,-620.0000000000,-620.0000000000
630,-620.0000000000,-620.0000000000
631,-620.0000000000,-620.0000000000
632,-620.0000000000,-620.0000000000
633,-620.0000000000,-620.0000000000
634,-620.0000000000,-620.0000000000
635,-620.0000000000,-620.0000000000
636,-620.0000000000,-620.0000000000
637,-620.0000000000,-620.0000000000
638,-620.0000000000,-620.0000000000
639,-620.0000000000,-620.0000000000
640,-620.0000000000,-620.0000000000
641,-620.0000000000,-620.0000000000
642,-620.0000000000,-620.0000000000
643,-620.0000000000,-620.0000000000
644,-617.4067995767,-620.0000000000
645,-556.2827008399,-620.0000000000
646,-395.1024995767,-620.0000000000
647,-302.9087000000,-620.0000000000
648,-227.9011991568,-620.0000000000
649,-335.2568004333,-620.0000000000
650,-373.2461004266,-620.0000000000
651,-560.1351000000,-620.0000000000
652,-610.0850004233,-620.0000000000
653,-620.0000000000,-620.0000000000
654,-620.0000000000,-620.0000000000
655,-620.0000000000,-620.0000000000
656,-620.0000000000,-620.0000000000
657,-620.0000000000,-620.0000000000
658,-620.0000000000,-620.0000000000
659,-620.0000000000,-620.0000000000
660,-620.0000000000,-620.0000000000
661,-620.0000000000,-620.0000000000
662,-620.0000000000,-620.0000000000
663,-620.0000000000,-620.0000000000
664,-620.0000000000,-620.0000000000
665,-620.0000000000,-620.0000000000
666,-620.0000000000,-620.0000000000
667,-620.0000000000,-620.0000000000
668,-619.1721000000,-620.0000000000
669,-566.6729008399,-620.0000000000
670,-378.9186995767,-620.0000000000
671,-262.1747995767,-620.0000000000
672,-301.8883995767,-620.0000000000
673,-265.0372991501,-620.0000000000
674,-347.7748004200,-620.0000000000
675,-525.8354008499,-620.0000000000
676,-618.8250004166,-620.0000000000
677,-620.0000000000,-620.0000000000
678,-620.0000000000,-620.0000000000
679,-620.0000000000,-620.0000000000
680,-620.0000000000,-620.0000000000
681,-620.0000000000,-620.0000000000
682,-620.0000000000,-620.0000000000
683,-620.0000000000,-620.0000000000
684,-620.0000000000,-620.0000000000
685,-620.0000000000,-620.0000000000
686,-620.0000000000,-620.0000000000
687,-620.0000000000,-620.0000000000
688,-620.0000000000,-620.0000000000
689,-620.0000000000,-620.0000000000
690,-620.0000000000,-620.0000000000
691,-620.0000000000,-620.0000000000
692,-620.0000000000,-620.0000000000
693,-557.4128995767,-620.0000000000
694,-390.2172991601,-620.0000000000
695,-359.3984000000,-620.0000000000
696,-256.9326995867,-617.3138983068
697,-250.2775999900,-620.0000000000
698,-369.9516000067,-620.0000000000
699,-510.1206995767,-620.0000000000
700,-593.9375995767,-620.0000000000
701,-620.0000000000,-620.0000000000
702,-620.0000000000,-620.0000000000
703,-620.0000000000,-620.0000000000
704,-620.0000000000,-620.0000000000
705,-620.0000000000,-620.0000000000
706,-620.0000000000,-620.0000000000
707,-620.0000000000,-620.0000000000
708,-620.0000000000,-620.0000000000
709,-620.0000000000,-620.0000000000
710,-620.0000000000,-620.0000000000
711,-620.0000000000,-620.0000000000
712,-620.0000000000,-620.0000000000
713,-620.0000000000,-620.0000000000
714,-620.0000000000,-620.0000000000
715,-620.0000000000,-620.0000000000
716,-598.2900000000,-620.0000000000
717,-539.5681004333,-620.0000000000
718,-478.1428995667,-620.0000000000
719,-312.4691000067,-620.0000000000
720,-307.5340004133,-620.0000000000
721,-298.1606995667,-620.0000000000
722,-413.7455000000,-619.9999997808
723,-526.8483004266,-620.0000000000
724,-620.0000000000,-620.0000000000
725,-620.0000000000,-620.0000000000
726,-620.0000000000,-620.0000000000
727,-620.0000000000,-620.0000000000
728,-620.0000000000,-620.0000000000
729,-620.0000000000,-620.0000000000
730,-620.0000000000,-620.0000000000
731,-620.0000000000,-620.0000000000
732,-620.0000000000,-620.0000000000
733,-620.0000000000,-620.0000000000
734,-620.0000000000,-620.0000000000
735,-620.0000000000,-620.0000000000
736,-620.0000000000,-620.0000000000
737,-620.0000000000,-620.0000000000
738,-620.0000000000,-620.0000000000
739,-620.0000000000,-620.0000000000
740,-620.0000000000,-620.0000000000
741,-502.1490000100,-620.0000000000
742,-373.6548000000,-620.0000000000
743,-347.8675000100,-620.0000000000
744,-307.1479000000,-620.0000000000
745,-328.1579995867,-620.0000000000
746,-428.5433004233,-620.0000000000
747,-579.6273991501,-620.0000000000
748,-611.8624995834,-620.0000000000
749,-620.0000000000,-620.0000000000
750,-620.0000000000,-620.0000000000
751,-620.0000000000,-620.0000000000
752,-620.0000000000,-620.0000000000
753,-620.0000000000,-620.0000000000
754,-620.0000000000,-620.0000000000
755,-620.0000000000,-620.0000000000
756,-620.0000000000,-620.0000000000
757,-620.0000000000,-620.0000000000
758,-620.0000000000,-620.0000000000
759,-620.0000000000,-620.0000000000
760,-620.0000000000,-620.0000000000
761,-620.0000000000,-620.0000000000
762,-620.0000000000,-620.0000000000
763,-620.0000000000,-620.0000000000
764,-598.9282995767,-620.0000000000
765,-485.2507004233,-620.0000000000
766,-463.4354995767,-620.0000000000
767,-379.5884995767,-620.0000000000
768,-281.4036008499,-620.0000000000
769,-288.7402004233,-620.0000000000
770,-442.5474995800,-620.0000000000
771,-517.2687995767,-620.0000000000
772,-599.4424000000,-620.0000000000
773,-620.0000000000,-620.0000000000
774,-620.0000000000,-620.0000000000
775,-620.0000000000,-620.0000000000
776,-620.0000000000,-620.0000000000
777,-620.0000000000,-620.0000000000
778,-620.0000000000,-620.0000000000
779,-620.0000000000,-620.0000000000
780,-620.0000000000,-620.0000000000
781,-620.0000000000,-620.0000000000
782,-620.0000000000,-620.0000000000
783,-620.0000000000,-620.0000000000
784,-620.0000000000,-620.0000000000
785,-620.0000000000,-620.0000000000
786,-620.0000000000,-620.0000000000
787,-620.0000000000,-620.0000000000
788,-620.0000000000,-620.0000000000
789,-507.7712000067,-620.0000000000
790,-415.6930004333,-620.0000000000
791,-342.0159012665,-620.0000000000
792,-264.9095999933,-620.0000000000
793,-291.0580991501,-620.0000000000
794,-356.6514999933,-620.0000000000
795,-524.3961000033,-620.0000000000
796,-620.0000000000,-620.0000000000
797,-620.0000000000,-620.0000000000
798,-620.0000000000,-620.0000000000
799,-620.0000000000,-620.0000000000
800,-620.0000000000,-620.0000000000
801,-620.0000000000,-620.0000000000
802,-620.0000000000,-620.0000000000
803,-620.0000000000,-620.0000000000
804,-620.0000000000,-620.0000000000
805,-620.0000000000,-620.0000000000
806,-620.0000000000,-620.0000000000
807,-620.0000000000,-620.0000000000
808,-620.0000000000,-620.0000000000
809,-620.0000000000,-620.0000000000
810,-620.0000000000,-620.0000000000
811,-620.0000000000,-620.0000000000
812,-620.0000000000,-620.0000000000
813,-558.8751008432,-620.0000000000
814,-453.0692995734,-620.0000000000
815,-324.4812004166,-620.0000000000
816,-238.4386991568,-620.0000000000
817,-276.0539004266,-620.0000000000
818,-439.3545004266,-620.0000000000
819,-552.2281991601,-620.0000000000
820,-620.0000000000,-620.0000000000
821,-620.0000000000,-620.0000000000
822,-620.0000000000,-620.0000000000
823,-620.0000000000,-620.0000000000
824,-620.0000000000,-620.0000000000
825,-620.0000000000,-620.0000000000
826,-620.0000000000,-620.0000000000
827,-620.0000000000,-620.0000000000
828,-620.0000000000,-620.0000000000
829,-620.0000000000,-620.0000000000
830,-620.0000000000,-620.0000000000
831,-620.0000000000,-620.0000000000
832,-620.0000000000,-620.0000000000
833,-620.0000000000,-620.0000000000
834,-620.0000000000,-620.0000000000
835,-620.0000000000,-620.0000000000
836,-591.4316000000,-620.0000000000
837,-538.7246000000,-620.0000000000
838,-404.0281991601,-620.0000000000
839,-296.6011008499,-620.0000000000
840,-243.9825995800,-620.0000000000
841,-313.7276991601,-620.0000000000
842,-454.0915987335,-620.0000000000
843,-485.4435987335,-620.0000000000
844,-595.8737000000,-620.0000000000
845,-620.0000000000,-620.0000000000
846,-620.0000000000,-620.0000000000
847,-620.0000000000,-620.0000000000
848,-620.0000000000,-620.0000000000
849,-620.0000000000,-620.0000000000
850,-620.0000000000,-620.0000000000
851,-620.0000000000,-620.0000000000
852,-620.0000000000,-620.0000000000
853,-620.0000000000,-620.0000000000
854,-620.0000000000,-620.0000000000
855,-620.0000000000,-620.0000000000
856,-620.0000000000,-620.0000000000
857,-620.0000000000,-620.0000000000
858,-620.0000000000,-620.0000000000
859,-620.0000000000,-620.0000000000
860,-620.0000000000,-620.0000000000
861,-489.2576000100,-620.0000000000
862,-426.5632000033,-620.0000000000
863,-311.1637000033,-620.0000000000
864,-268.9835004233,-620.0000000000
865,-303.5229991501,-620.0000000000
866,-421.4675999933,-620.0000000000
867,-516.6171000033,-620.0000000000
868,-610.7647995734,-620.0000000000
869,-620.0000000000,-620.0000000000
870,-620.0000000000,-620.0000000000
871,-620.0000000000,-620.0000000000
872,-620.0000000000,-620.0000000000
873,-620.0000000000,-620.0000000000
874,-620.0000000000,-620.0000000000
875,-620.0000000000,-620.0000000000
876,-620.0000000000,-620.0000000000
877,-620.0000000000,-620.0000000000
878,-620.0000000000,-620.0000000000
879,-620.0000000000,-620.0000000000
880,-620.0000000000,-620.0000000000
881,-620.0000000000,-620.0000000000
882,-620.0000000000,-620.0000000000
883,-620.0000000000,-620.0000000000
884,-600.9476000000,-620.0000000000
885,-557.2067004133,-620.0000000000
886,-415.9650008432,-620.0000000000
887,-345.2980000000,-620.0000000000
888,-285.8596004333,-620.0000000000
889,-319.5449995734,-620.0000000000
890,-332.5633008432,-620.0000000000
891,-554.4298995800,-620.0000000000
892,-615.4250004166,-620.0000000000
893,-620.0000000000,-620.0000000000
894,-620.0000000000,-620.0000000000
895,-620.0000000000,-620.0000000000
896,-620.0000000000,-620.0000000000
897,-620.0000000000,-620.0000000000
898,-620.0000000000,-620.0000000000
899,-620.0000000000,-620.0000000000
900,-620.0000000000,-620.0000000000
901,-620.0000000000,-620.0000000000
902,-620.0000000000,-620.0000000000
903,-620.0000000000,-620.0000000000
904,-620.0000000000,-620.0000000000
905,-620.0000000000,-620.0000000000
906,-620.0000000000,-620.0000000000
907,-620.0000000000,-620.0000000000
908,-616.6066995767,-620.0000000000
909,-502.1839999967,-620.0000000000
910,-379.9006991601,-620.0000000000
911,-254.8691012665,-620.0000000000
912,-254.9866012665,-620.0000000000
913,-319.2338004266,-620.0000000000
914,-435.8347000000,-620.0000000000
915,-517.8913987335,-620.0000000000
916,-603.9382004233,-620.0000000000
917,-620.0000000000,-620.0000000000
918,-620.0000000000,-620.0000000000
919,-620.0000000000,-620.0000000000
920,-620.0000000000,-620.0000000000
921,-620.0000000000,-620.0000000000
922,-620.0000000000,-620.0000000000
923,-620.0000000000,-620.0000000000
924,-620.0000000000,-620.0000000000
925,-620.0000000000,-620.0000000000
926,-620.0000000000,-620.0000000000
927,-620.0000000000,-620.0000000000
928,-620.0000000000,-620.0000000000
929,-620.0000000000,-620.0000000000
930,-620.0000000000,-620.0000000000
931,-620.0000000000,-620.0000000000
932,-620.0000000000,-620.0000000000
933,-477.2905000067,-620.0000000000
934,-404.6580999967,-620.0000000000
935,-327.1075008399,-620.0000000000
936,-295.6150004233,-620.0000000000
937,-290.8595999967,-620.0000000000
938,-426.6482991501,-620.0000000000
939,-477.7313000000,-620.0000000000
940,-620.0000000000,-620.0000000000
941,-620.0000000000,-620.0000000000
942,-620.0000000000,-620.0000000000
943,-620.0000000000,-620.0000000000
944,-620.0000000000,-620.0000000000
945,-620.0000000000,-620.0000000000
946,-620.0000000000,-620.0000000000
947,-620.0000000000,-620.0000000000
948,-620.0000000000,-620.0000000000
949,-620.0000000000,-620.0000000000
950,-620.0000000000,-620.0000000000
951,-620.0000000000,-620.0000000000
952,-620.0000000000,-620.0000000000
953,-620.0000000000,-620.0000000000
954,-620.0000000000,-620.0000000000
955,-620.0000000000,-620.0000000000
956,-620.0000000000,-620.0000000000
957,-576.7882000000,-620.0000000000
958,-314.8672995834,-620.0000000000
959,-301.5268995767,-620.0000000000
960,-324.8862991601,-620.0000000000
961,-264.3059008399,-620.0000000000
962,-384.7194000067,-620.0000000000
963,-442.8468008399,-620.0000000000
964,-596.6484004233,-620.0000000000
965,-620.0000000000,-620.0000000000
966,-620.0000000000,-620.0000000000
967,-620.0000000000,-620.0000000000
968,-620.0000000000,-620.0000000000
969,-620.0000000000,-620.0000000000
970,-620.0000000000,-620.0000000000
971,-620.0000000000,-620.0000000000
972,-620.0000000000,-620.0000000000
973,-620.0000000000,-620.0000000000
974,-620.0000000000,-620.0000000000
975,-620.0000000000,-620.0000000000
976,-620.0000000000,-620.0000000000
977,-620.0000000000,-620.0000000000
978,-620.0000000000,-620.0000000000
979,-620.0000000000,-620.0000000000
980,-620.0000000000,-620.0000000000
981,-519.0782004266,-620.0000000000
982,-350.1070004233,-620.0000000000
983,-244.6724995734,-620.0000000000
984,-254.0754995767,-620.0000000000
985,-309.4427991601,-620.0000000000
986,-388.2908000000,-620.0000000000
987,-555.6603000100,-620.0000000000
988,-616.2572004233,-620.0000000000
989,-620.0000000000,-620.0000000000
990,-620.0000000000,-620.0000000000
991,-620.0000000000,-620.0000000000
992,-620.0000000000,-620.0000000000
993,-620.0000000000,-620.0000000000
994,-620.0000000000,-620.0000000000
995,-620.0000000000,-620.0000000000
996,-620.0000000000,-620.0000000000
997,-620.0000000000,-620.0000000000
998,-620.0000000000,-620.0000000000
999,-620.0000000000,-620.0000000000
1000,-620.0000000000,-620.0000000000
1001,-620.0000000000,-620.0000000000
1002,-620.0000000000,-620.0000000000
1003,-620.0000000000,-620.0000000000
1004,-620.0000000000,-620.0000000000
1005,-522.2586008499,-620.0000000000
1006,-444.2479004333,-620.0000000000
1007,-310.1284995834,-620.0000000000
1008,-301.4477995834,-620.0000000000
1009,-250.5469008499,-620.0000000000
1010,-422.2851000033,-620.0000000000
1011,-518.6359004166,-620.0000000000
1012,-614.1999995834,-620.0000000000
1013,-620.0000000000,-620.0000000000
1014,-620.0000000000,-620.0000000000
1015,-620.0000000000,-620.0000000000
1016,-620.0000000000,-620.0000000000
1017,-620.0000000000,-620.0000000000
1018,-620.0000000000,-620.0000000000
1019,-620.0000000000,-620.0000000000
1020,-620.0000000000,-620.0000000000
1021,-620.0000000000,-620.0000000000
1022,-620.0000000000,-620.0000000000
1023,-620.0000000000,-620.0000000000
1024,-620.0000000000,-620.0000000000
1025,-620.0000000000,-620.0000000000
1026,-620.0000000000,-620.0000000000
1027,-620.0000000000,-620.0000000000
1028,-608.6819004233,-620.0000000000
1029,-478.3862008432,-620.0000000000
1030,-500.5965008399,-620.0000000000
1031,-344.8973000100,-620.0000000000
1032,-273.2471004166,-620.0000000000
1033,-307.9384995734,-620.0000000000
1034,-327.7466000000,-620.0000000000
1035,-484.1572995867,-620.0000000000
1036,-614.8602000000,-620.0000000000
1037,-620.0000000000,-620.0000000000
1038,-620.0000000000,-620.0000000000
1039,-620.0000000000,-620.0000000000
1040,-620.0000000000,-620.0000000000
1041,-620.0000000000,-620.0000000000
1042,-620.0000000000,-620.0000000000
1043,-620.0000000000,-620.0000000000
1044,-620.0000000000,-620.0000000000
1045,-620.0000000000,-620.0000000000
1046,-620.0000000000,-620.0000000000
1047,-620.0000000000,-620.0000000000
1048,-620.0000000000,-620.0000000000
1049,-620.0000000000,-620.0000000000
1050,-620.0000000000,-620.0000000000
1051,-620.0000000000,-620.0000000000
1052,-607.4880995767,-620.0000000000
1053,-506.1661008499,-620.0000000000
1054,-407.9143004333,-620.0000000000
1055,-326.9393008399,-620.0000000000
1056,-276.1809000000,-620.0000000000
1057,-327.8179004200,-620.0000000000
1058,-405.9261004133,-620.0000000000
1059,-499.0316999967,-620.0000000000
1060,-612.5184000000,-620.0000000000
1061,-620.0000000000,-620.0000000000
1062,-620.0000000000,-620.0000000000
1063,-620.0000000000,-620.0000000000
1064,-620.0000000000,-620.0000000000
1065,-620.0000000000,-620.0000000000
1066,-620.0000000000,-620.0000000000
1067,-620.0000000000,-620.0000000000
1068,-620.0000000000,-620.0000000000
1069,-620.0000000000,-620.0000000000
1070,-620.0000000000,-620.0000000000
1071,-620.0000000000,-620.0000000000
1072,-620.0000000000,-620.0000000000
1073,-620.0000000000,-620.0000000000
1074,-620.0000000000,-620.0000000000
1075,-620.0000000000,-620.0000000000
1076,-616.9242004233,-620.0000000000
1077,-501.2605991601,-620.0000000000
1078,-366.9487004133,-620.0000000000
1079,-342.5689012665,-620.0000000000
1080,-357.1255000000,-620.0000000000
1081,-295.0648000100,-620.0000000000
1082,-359.4391008432,-620.0000000000
1083,-537.6934995767,-620.0000000000
1084,-613.6028995767,-620.0000000000
1085,-620.0000000000,-620.0000000000
1086,-620.0000000000,-620.0000000000
1087,-620.0000000000,-620.0000000000
1088,-620.0000000000,-620.0000000000
1089,-620.0000000000,-620.0000000000
1090,-620.0000000000,-620.0000000000
1091,-620.0000000000,-620.0000000000
1092,-620.0000000000,-620.0000000000
1093,-620.0000000000,-620.0000000000
1094,-620.0000000000,-620.0000000000
1095,-620.0000000000,-620.0000000000
1096,-620.0000000000,-620.0000000000
1097,-620.0000000000,-620.0000000000
1098,-620.0000000000,-620.0000000000
1099,-620.0000000000,-620.0000000000
1100,-620.0000000000,-620.0000000000
1101,-493.3164004233,-620.0000000000
1102,-408.8235004266,-620.0000000000
1103,-259.7503000000,-620.0000000000
1104,-312.6999004333,-620.0000000000
1105,-246.8932999967,-620.0000000000
1106,-406.1250995767,-620.0000000000
1107,-491.9322008432,-596.1150000000
1108,-620.0000000000,-620.0000000000
1109,-620.0000000000,-620.0000000000
1110,-620.0000000000,-620.0000000000
1111,-620.0000000000,-620.0000000000
1112,-620.0000000000,-620.0000000000
1113,-620.0000000000,-620.0000000000
1114,-620.0000000000,-620.0000000000
1115,-620.0000000000,-620.0000000000
1116,-620.0000000000,-620.0000000000
1117,-620.0000000000,-620.0000000000
1118,-620.0000000000,-620.0000000000
1119,-620.0000000000,-620.0000000000
1120,-620.0000000000,-620.0000000000
1121,-620.0000000000,-620.0000000000
1122,-620.0000000000,-620.0000000000
1123,-620.0000000000,-620.0000000000
1124,-611.2218995767,-620.0000000000
1125,-566.4885999933,-620.0000000000
1126,-396.4756004133,-620.0000000000
1127,-335.4876000000,-620.0000000000
1128,-304.4344995734,-620.0000000000
1129,-353.1052991568,-620.0000000000
1130,-368.5723991601,-620.0000000000
1131,-468.0973008399,-620.0000000000
1132,-610.8851000000,-620.0000000000
1133,-620.0000000000,-620.0000000000
1134,-620.0000000000,-620.0000000000
1135,-620.0000000000,-620.0000000000
1136,-620.0000000000,-620.0000000000
1137,-620.0000000000,-620.0000000000
1138,-620.0000000000,-620.0000000000
1139,-620.0000000000,-620.0000000000
1140,-620.0000000000,-620.0000000000
1141,-620.0000000000,-620.0000000000
1142,-620.0000000000,-620.0000000000
1143,-620.0000000000,-620.0000000000
1144,-620.0000000000,-620.0000000000
1145,-620.0000000000,-620.0000000000
1146,-620.0000000000,-620.0000000000
1147,-620.0000000000,-620.0000000000
1148,-620.0000000000,-620.0000000000
1149,-524.5402999933,-620.0000000000
1150,-398.5099999900,-620.0000000000
1151,-347.4600991501,-620.0000000000
1152,-284.3819004166,-620.0000000000
1153,-300.9765004333,-620.0000000000
1154,-395.8665004266,-620.0000000000
1155,-508.6032000000,-620.0000000000
1156,-620.0000000000,-620.0000000000
1157,-620.0000000000,-620.0000000000
1158,-620.0000000000,-620.0000000000
1159,-620.0000000000,-620.0000000000
1160,-620.0000000000,-620.0000000000
1161,-620.0000000000,-620.0000000000
1162,-620.0000000000,-620.0000000000
1163,-620.0000000000,-620.0000000000
1164,-620.0000000000,-620.0000000000
1165,-620.0000000000,-620.0000000000
1166,-620.0000000000,-620.0000000000
1167,-620.0000000000,-620.0000000000
1168,-620.0000000000,-620.0000000000
1169,-620.0000000000,-620.0000000000
1170,-620.0000000000,-620.0000000000
1171,-620.0000000000,-620.0000000000
1172,-603.7416004233,-620.0000000000
1173,-538.4726000000,-620.0000000000
1174,-448.4768004200,-620.0000000000
1175,-345.6427000100,-620.0000000000
1176,-325.9561000000,-620.0000000000
1177,-318.5067004266,-620.0000000000
1178,-356.8771004133,-620.0000000000
1179,-489.3382004233,-620.0000000000
1180,-620.0000000000,-620.0000000000
1181,-620.0000000000,-620.0000000000
1182,-620.0000000000,-620.0000000000
1183,-620.0000000000,-620.0000000000
1184,-620.0000000000,-620.0000000000
1185,-620.0000000000,-620.0000000000
1186,-620.0000000000,-620.0000000000
1187,-620.0000000000,-620.0000000000
1188,-620.0000000000,-620.0000000000
1189,-620.0000000000,-620.0000000000
1190,-620.0000000000,-620.0000000000
1191,-620.0000000000,-620.0000000000
1192,-620.0000000000,-620.0000000000
1193,-620.0000000000,-620.0000000000
1194,-620.0000000000,-620.0000000000
1195,-620.0000000000,-620.0000000000
1196,-607.9707004233,-620.0000000000
1197,-508.2838999900,-620.0000000000
1198,-404.3765995767,-620.0000000000
1199,-328.8093995734,-620.0000000000
1200,-283.5723004233,-620.0000000000
1201,-299.1805000000,-620.0000000000
1202,-429.7689004133,-620.0000000000
1203,-486.1182995867,-620.0000000000
1204,-620.0000000000,-620.0000000000
1205,-620.0000000000,-620.0000000000
1206,-620.0000000000,-620.0000000000
1207,-620.0000000000,-620.0000000000
1208,-620.0000000000,-620.0000000000
1209,-620.0000000000,-620.0000000000
1210,-620.0000000000,-620.0000000000
1211,-620.0000000000,-620.0000000000
1212,-620.0000000000,-620.0000000000
1213,-620.0000000000,-620.0000000000
1214,-620.0000000000,-620.0000000000
1215,-620.0000000000,-620.0000000000
1216,-620.0000000000,-620.0000000000
1217,-620.0000000000,-620.0000000000
1218,-620.0000000000,-620.0000000000
1219,-620.0000000000,-620.0000000000
1220,-620.0000000000,-620.0000000000
1221,-521.6098000000,-620.0000000000
1222,-360.9625012665,-620.0000000000
1223,-327.1670999900,-620.0000000000
1224,-280.0028012665,-620.0000000000
1225,-325.0365999967,-620.0000000000
1226,-332.2128000000,-620.0000000000
1227,-513.9025008499,-613.4494016932
1228,-608.1500004166,-620.0000000000
1229,-620.0000000000,-620.0000000000
1230,-620.0000000000,-620.0000000000
1231,-620.0000000000,-620.0000000000
1232,-620.0000000000,-620.0000000000
1233,-620.0000000000,-620.0000000000
1234,-620.0000000000,-620.0000000000
1235,-620.0000000000,-620.0000000000
1236,-620.0000000000,-620.0000000000
1237,-620.0000000000,-620.0000000000
1238,-620.0000000000,-620.0000000000
1239,-620.0000000000,-620.0000000000
1240,-620.0000000000,-620.0000000000
1241,-620.0000000000,-620.0000000000
1242,-620.0000000000,-620.0000000000
1243,-620.0000000000,-620.0000000000
1244,-620.0000000000,-620.0000000000
1245,-525.2857004233,-620.0000000000
1246,-391.5795999900,-620.0000000000
1247,-335.5621995834,-620.0000000000
1248,-333.4723004133,-620.0000000000
1249,-335.2586999933,-620.0000000000
1250,-421.3082004233,-620.0000000000
1251,-479.8691991501,-620.0000000000
1252,-608.9674004233,-620.0000000000
1253,-620.0000000000,-620.0000000000
1254,-620.0000000000,-620.0000000000
1255,-620.0000000000,-620.0000000000
1256,-620.0000000000,-620.0000000000
1257,-620.0000000000,-620.0000000000
1258,-620.0000000000,-620.0000000000
1259,-620.0000000000,-620.0000000000
1260,-620.0000000000,-620.0000000000
1261,-620.0000000000,-620.0000000000
1262,-620.0000000000,-620.0000000000
1263,-620.0000000000,-620.0000000000
1264,-620.0000000000,-620.0000000000
1265,-620.0000000000,-620.0000000000
1266,-620.0000000000,-620.0000000000
1267,-620.0000000000,-620.0000000000
1268,-618.3211995767,-620.0000000000
1269,-528.5184012665,-620.0000000000
1270,-418.8246004233,-620.0000000000
1271,-289.5523999933,-620.0000000000
1272,-302.9777008399,-620.0000000000
1273,-304.5186004166,-620.0000000000
1274,-368.6515000000,-620.0000000000
1275,-478.0484004166,-620.0000000000
1276,-620.0000000000,-620.0000000000
1277,-620.0000000000,-620.0000000000
1278,-620.0000000000,-620.0000000000
1279,-620.0000000000,-620.0000000000
1280,-620.0000000000,-620.0000000000
1281,-620.0000000000,-620.0000000000
1282,-620.0000000000,-620.0000000000
1283,-620.0000000000,-620.0000000000
1284,-620.0000000000,-620.0000000000
1285,-620.0000000000,-620.0000000000
1286,-620.0000000000,-620.0000000000
1287,-620.0000000000,-620.0000000000
1288,-620.0000000000,-620.0000000000
1289,-620.0000000000,-620.0000000000
1290,-620.0000000000,-620.0000000000
1291,-620.0000000000,-620.0000000000
1292,-602.7251004233,-620.0000000000
1293,-554.4505008399,-620.0000000000
1294,-420.5723991601,-620.0000000000
1295,-347.4691991501,-620.0000000000
1296,-321.8071000000,-620.0000000000
1297,-308.3375995800,-620.0000000000
1298,-396.8220999933,-620.0000000000
1299,-537.0337004266,-620.0000000000
1300,-620.0000000000,-620.0000000000
1301,-620.0000000000,-620.0000000000
1302,-620.0000000000,-620.0000000000
1303,-620.0000000000,-620.0000000000
1304,-620.0000000000,-620.0000000000
1305,-620.0000000000,-620.0000000000
1306,-620.0000000000,-620.0000000000
1307,-620.0000000000,-620.0000000000
1308,-620.0000000000,-620.0000000000
1309,-620.0000000000,-620.0000000000
1310,-620.0000000000,-620.0000000000
1311,-620.0000000000,-620.0000000000
1312,-620.0000000000,-620.0000000000
1313,-620.0000000000,-620.0000000000
1314,-620.0000000000,-620.0000000000
1315,-620.0000000000,-620.0000000000
1316,-620.0000000000,-620.0000000000
1317,-551.6202995767,-620.0000000000
1318,-435.7175008499,-620.0000000000
1319,-274.0626995734,-620.0000000000
1320,-323.4005008432,-620.0000000000
1321,-310.6194004166,-620.0000000000
1322,-478.4329004200,-620.0000000000
1323,-448.4943004200,-620.0000000000
1324,-620.0000000000,-620.0000000000
1325,-620.0000000000,-620.0000000000
1326,-620.0000000000,-620.0000000000
1327,-620.0000000000,-620.0000000000
1328,-620.0000000000,-620.0000000000
1329,-620.0000000000,-620.0000000000
1330,-620.0000000000,-620.0000000000
1331,-620.0000000000,-620.0000000000
1332,-620.0000000000,-620.0000000000
1333,-620.0000000000,-620.0000000000
1334,-620.0000000000,-620.0000000000
1335,-620.0000000000,-620.0000000000
1336,-620.0000000000,-620.0000000000
1337,-620.0000000000,-620.0000000000
1338,-620.0000000000,-620.0000000000
1339,-620.0000000000,-620.0000000000
1340,-599.6025000000,-620.0000000000
1341,-556.0732995767,-620.0000000000
1342,-356.4372995834,-620.0000000000
1343,-319.5394012665,-620.0000000000
1344,-249.3147004133,-620.0000000000
1345,-321.1060991601,-620.0000000000
1346,-365.9724995767,-620.0000000000
1347,-558.7965995767,-620.0000000000
1348,-620.0000000000,-620.0000000000
1349,-620.0000000000,-620.0000000000
1350,-620.0000000000,-620.0000000000
1351,-620.0000000000,-620.0000000000
1352,-620.0000000000,-620.0000000000
1353,-620.0000000000,-620.0000000000
1354,-620.0000000000,-620.0000000000
1355,-620.0000000000,-620.0000000000
1356,-620.0000000000,-620.0000000000
1357,-620.0000000000,-620.0000000000
1358,-620.0000000000,-620.0000000000
1359,-620.0000000000,-620.0000000000
1360,-620.0000000000,-620.0000000000
1361,-620.0000000000,-620.0000000000
1362,-620.0000000000,-620.0000000000
1363,-620.0000000000,-620.0000000000
1364,-620.0000000000,-620.0000000000
1365,-582.7478000000,-620.0000000000
1366,-391.5918995667,-620.0000000000
1367,-311.6829000000,-620.0000000000
1368,-249.5864000000,-620.0000000000
1369,-313.6873000100,-620.0000000000
1370,-423.1124995767,-620.0000000000
1371,-559.2082000033,-620.0000000000
1372,-614.8601995767,-620.0000000000
1373,-620.0000000000,-620.0000000000
1374,-620.0000000000,-620.0000000000
1375,-620.0000000000,-620.0000000000
1376,-620.0000000000,-620.0000000000
1377,-620.0000000000,-620.0000000000
1378,-620.0000000000,-620.0000000000
1379,-620.0000000000,-620.0000000000
1380,-620.0000000000,-620.0000000000
1381,-620.0000000000,-620.0000000000
1382,-620.0000000000,-620.0000000000
1383,-620.0000000000,-620.0000000000
1384,-620.0000000000,-620.0000000000
1385,-620.0000000000,-620.0000000000
1386,-620.0000000000,-620.0000000000
1387,-620.0000000000,-620.0000000000
1388,-620.0000000000,-620.0000000000
1389,-518.3433004200,-620.0000000000
1390,-384.8688000067,-620.0000000000
1391,-351.8896008399,-620.0000000000
1392,-314.6546000100,-620.0000000000
1393,-358.9177995767,-620.0000000000
1394,-372.1304004233,-620.0000000000
1395,-510.3469000000,-620.0000000000
1396,-620.0000000000,-620.0000000000
1397,-620.0000000000,-620.0000000000
1398,-620.0000000000,-620.0000000000
1399,-620.0000000000,-620.0000000000
1400,-620.0000000000,-620.0000000000
1401,-620.0000000000,-620.0000000000
1402,-620.0000000000,-620.0000000000
1403,-620.0000000000,-620.0000000000
1404,-620.0000000000,-620.0000000000
1405,-620.0000000000,-620.0000000000
1406,-620.0000000000,-620.0000000000
1407,-620.0000000000,-620.0000000000
1408,-620.0000000000,-620.0000000000
1409,-620.0000000000,-620.0000000000
1410,-620.0000000000,-620.0000000000
1411,-620.0000000000,-620.0000000000
1412,-620.0000000000,-620.0000000000
1413,-553.1090004266,-620.0000000000
1414,-381.1841995834,-620.0000000000
1415,-365.8767995834,-620.0000000000
1416,-263.5995008432,-620.0000000000
1417,-323.3497991501,-620.0000000000
1418,-436.2955008432,-620.0000000000
1419,-536.1141004233,-620.0000000000
1420,-609.3874995834,-620.0000000000
1421,-620.0000000000,-620.0000000000
1422,-620.0000000000,-620.0000000000
1423,-620.0000000000,-620.0000000000
1424,-620.0000000000,-620.0000000000
1425,-620.0000000000,-620.0000000000
1426,-620.0000000000,-620.0000000000
1427,-620.0000000000,-620.0000000000
1428,-620.0000000000,-620.0000000000
1429,-620.0000000000,-620.0000000000
1430,-620.0000000000,-620.0000000000
1431,-620.0000000000,-620.0000000000
1432,-620.0000000000,-620.0000000000
1433,-620.0000000000,-620.0000000000
1434,-620.0000000000,-620.0000000000
1435,-620.0000000000,-620.0000000000
1436,-610.8589004233,-620.0000000000
1437,-487.4776004133,-620.0000000000
1438,-442.4285995734,-620.0000000000
1439,-321.1421008432,-620.0000000000
1440,-277.8871999967,-620.0000000000
1441,-340.5969000067,-620.0000000000
1442,-410.5735004200,-620.0000000000
1443,-483.3383008399,-620.0000000000
1444,-607.9006004233,-620.0000000000
1445,-620.0000000000,-620.0000000000
1446,-620.0000000000,-620.0000000000
1447,-620.0000000000,-620.0000000000
1448,-620.0000000000,-620.0000000000
1449,-620.0000000000,-620.0000000000
1450,-620.0000000000,-620.0000000000
1451,-620.0000000000,-620.0000000000
1452,-620.0000000000,-620.0000000000
1453,-620.0000000000,-620.0000000000
1454,-620.0000000000,-620.0000000000
1455,-620.0000000000,-620.0000000000
1456,-620.0000000000,-620.0000000000
1457,-620.0000000000,-620.0000000000
1458,-620.0000000000,-620.0000000000
1459,-620.0000000000,-620.0000000000
1460,-593.6959000000,-620.0000000000
1461,-511.4335995734,-620.0000000000
1462,-385.2532991601,-620.0000000000
1463,-358.5014995834,-620.0000000000
1464,-270.2332008399,-620.0000000000
1465,-286.6297999933,-620.0000000000
1466,-348.5750004333,-620.0000000000
1467,-462.5539008432,-620.0000000000
1468,-603.4047995767,-620.0000000000
1469,-620.0000000000,-620.0000000000
1470,-620.0000000000,-620.0000000000
1471,-620.0000000000,-620.0000000000
1472,-620.0000000000,-620.0000000000
1473,-620.0000000000,-620.0000000000
1474,-620.0000000000,-620.0000000000
1475,-620.0000000000,-620.0000000000
1476,-620.0000000000,-620.0000000000
1477,-620.0000000000,-620.0000000000
1478,-620.0000000000,-620.0000000000
1479,-620.0000000000,-620.0000000000
1480,-620.0000000000,-620.0000000000
1481,-620.0000000000,-620.0000000000
1482,-620.0000000000,-620.0000000000
1483,-620.0000000000,-620.0000000000
1484,-613.9778004233,-620.0000000000
1485,-581.1479008399,-620.0000000000
1486,-384.5192995734,-620.0000000000
1487,-316.4570999900,-620.0000000000
1488,-283.3668000000,-620.0000000000
1489,-290.7244004233,-620.0000000000
1490,-382.3793004133,-620.0000000000
1491,-478.0393000033,-620.0000000000
1492,-620.0000000000,-620.0000000000
1493,-620.0000000000,-620.0000000000
1494,-620.0000000000,-620.0000000000
1495,-620.0000000000,-620.0000000000
1496,-620.0000000000,-620.0000000000
1497,-620.0000000000,-620.0000000000
1498,-620.0000000000,-620.0000000000
1499,-620.0000000000,-620.0000000000
1500,-620.0000000000,-620.0000000000
1501,-620.0000000000,-620.0000000000
1502,-620.0000000000,-620.0000000000
1503,-620.0000000000,-620.0000000000
1504,-620.0000000000,-620.0000000000
1505,-620.0000000000,-620.0000000000
1506,-620.0000000000,-620.0000000000
1507,-620.0000000000,-620.0000000000
1508,-620.0000000000,-620.0000000000
1509,-459.9746995734,-620.0000000000
1510,-378.5422004200,-620.0000000000
1511,-304.6096000000,-620.0000000000
1512,-222.3499991501,-587.9895983068
1513,-268.0546008399,-620.0000000000
1514,-335.1221991501,-620.0000000000
1515,-542.5503991601,-620.0000000000
1516,-616.9937995767,-620.0000000000
1517,-620.0000000000,-620.0000000000
1518,-620.0000000000,-620.0000000000
1519,-620.0000000000,-620.0000000000
1520,-620.0000000000,-620.0000000000
1521,-620.0000000000,-620.0000000000
1522,-620.0000000000,-620.0000000000
1523,-620.0000000000,-620.0000000000
1524,-620.0000000000,-620.0000000000
1525,-620.0000000000,-620.0000000000
1526,-620.0000000000,-620.0000000000
1527,-620.0000000000,-620.0000000000
1528,-620.0000000000,-620.0000000000
1529,-620.0000000000,-620.0000000000
1530,-620.0000000000,-620.0000000000
1531,-620.0000000000,-620.0000000000
1532,-620.0000000000,-620.0000000000
1533,-498.6209000000,-620.0000000000
1534,-402.9295995834,-620.0000000000
1535,-343.7262995734,-620.0000000000
1536,-294.1183995867,-620.0000000000
1537,-350.6477999900,-620.0000000000
1538,-394.0766995800,-620.0000000000
1539,-503.7959004233,-620.0000000000
1540,-620.0000000000,-620.0000000000
1541,-620.0000000000,-620.0000000000
1542,-620.0000000000,-620.0000000000
1543,-620.0000000000,-620.0000000000
1544,-620.0000000000,-620.0000000000
1545,-620.0000000000,-620.0000000000
1546,-620.0000000000,-620.0000000000
1547,-620.0000000000,-620.0000000000
1548,-620.0000000000,-620.0000000000
1549,-620.0000000000,-620.0000000000
1550,-620.0000000000,-620.0000000000
1551,-620.0000000000,-620.0000000000
1552,-620.0000000000,-620.0000000000
1553,-620.0000000000,-620.0000000000
1554,-620.0000000000,-620.0000000000
1555,-620.0000000000,-620.0000000000
1556,-609.3774995834,-620.0000000000
1557,-516.9181995767,-620.0000000000
1558,-389.2302995767,-620.0000000000
1559,-299.5382999900,-620.0000000000
1560,-291.9627995834,-620.0000000000
1561,-315.2402004333,-620.0000000000
1562,-417.3834004133,-620.0000000000
1563,-519.8470995667,-620.0000000000
1564,-606.3250004166,-620.0000000000
1565,-620.0000000000,-620.0000000000
1566,-620.0000000000,-620.0000000000
1567,-620.0000000000,-620.0000000000
1568,-620.0000000000,-620.0000000000
1569,-620.0000000000,-620.0000000000
1570,-620.0000000000,-620.0000000000
1571,-620.0000000000,-620.0000000000
1572,-620.0000000000,-620.0000000000
1573,-620.0000000000,-620.0000000000
1574,-620.0000000000,-620.0000000000
1575,-620.0000000000,-620.0000000000
1576,-620.0000000000,-620.0000000000
1577,-620.0000000000,-620.0000000000
1578,-620.0000000000,-620.0000000000
1579,-620.0000000000,-620.0000000000
1580,-583.7345999933,-620.0000000000
1581,-531.8504995767,-620.0000000000
1582,-343.9229995834,-620.0000000000
1583,-279.7183999933,-620.0000000000
1584,-278.9909991501,-620.0000000000
1585,-332.1096012665,-620.0000000000
1586,-392.8746004166,-620.0000000000
1587,-575.9544000000,-620.0000000000
1588,-620.0000000000,-620.0000000000
1589,-620.0000000000,-620.0000000000
1590,-620.0000000000,-620.0000000000
1591,-620.0000000000,-620.0000000000
1592,-620.0000000000,-620.0000000000
1593,-620.0000000000,-620.0000000000
1594,-620.0000000000,-620.0000000000
1595,-620.0000000000,-620.0000000000
1596,-620.0000000000,-620.0000000000
1597,-620.0000000000,-620.0000000000
1598,-620.0000000000,-620.0000000000
1599,-620.0000000000,-620.0000000000
1600,-620.0000000000,-620.0000000000
1601,-620.0000000000,-620.0000000000
1602,-620.0000000000,-620.0000000000
1603,-620.0000000000,-620.0000000000
1604,-620.0000000000,-620.0000000000
1605,-567.1037995767,-620.0000000000
1606,-447.2504004266,-620.0000000000
1607,-329.7526008432,-620.0000000000
1608,-304.1289004200,-620.0000000000
1609,-253.6074999900,-620.0000000000
1610,-388.9193004266,-620.0000000000
1611,-532.9585008432,-620.0000000000
1612,-590.0622004166,-620.0000000000
1613,-620.0000000000,-620.0000000000
1614,-620.0000000000,-620.0000000000
1615,-620.0000000000,-620.0000000000
1616,-620.0000000000,-620.0000000000
1617,-620.0000000000,-620.0000000000
1618,-620.0000000000,-620.0000000000
1619,-620.0000000000,-620.0000000000
1620,-620.0000000000,-620.0000000000
1621,-620.0000000000,-620.0000000000
1622,-620.0000000000,-620.0000000000
1623,-620.0000000000,-620.0000000000
1624,-620.0000000000,-620.0000000000
1625,-620.0000000000,-620.0000000000
1626,-620.0000000000,-620.0000000000
1627,-620.0000000000,-620.0000000000
1628,-592.0830000000,-620.0000000000
1629,-495.9136012665,-620.0000000000
1630,-435.4459000033,-620.0000000000
1631,-274.0298987335,-620.0000000000
1632,-282.0422999967,-620.0000000000
1633,-273.2454012665,-620.0000000000
1634,-429.1371008499,-620.0000000000
1635,-564.2577008499,-620.0000000000
1636,-600.8013004233,-620.0000000000
1637,-620.0000000000,-620.0000000000
1638,-620.0000000000,-620.0000000000
1639,-620.0000000000,-620.0000000000
1640,-620.0000000000,-620.0000000000
1641,-620.0000000000,-620.0000000000
1642,-620.0000000000,-620.0000000000
1643,-620.0000000000,-620.0000000000
1644,-620.0000000000,-620.0000000000
1645,-620.0000000000,-620.0000000000
1646,-620.0000000000,-620.0000000000
1647,-620.0000000000,-620.0000000000
1648,-620.0000000000,-620.0000000000
1649,-620.0000000000,-620.0000000000
1650,-620.0000000000,-620.0000000000
1651,-620.0000000000,-620.0000000000
1652,-610.3837000000,-620.0000000000
1653,-553.0808995767,-620.0000000000
1654,-397.9044000067,-620.0000000000
1655,-354.6224999900,-620.0000000000
1656,-310.7571995734,-620.0000000000
1657,-361.0022995734,-620.0000000000
1658,-465.4960004233,-620.0000000000
1659,-456.2601995734,-620.0000000000
1660,-620.0000000000,-620.0000000000
1661,-620.0000000000,-620.0000000000
1662,-620.0000000000,-620.0000000000
1663,-620.0000000000,-620.0000000000
1664,-620.0000000000,-620.0000000000
1665,-620.0000000000,-620.0000000000
1666,-620.0000000000,-620.0000000000
1667,-620.0000000000,-620.0000000000
1668,-620.0000000000,-620.0000000000
1669,-620.0000000000,-620.0000000000
1670,-620.0000000000,-620.0000000000
1671,-620.0000000000,-620.0000000000
1672,-620.0000000000,-620.0000000000
1673,-620.0000000000,-620.0000000000
1674,-620.0000000000,-620.0000000000
1675,-620.0000000000,-620.0000000000
1676,-600.3379995767,-620.0000000000
1677,-508.0666000033,-620.0000000000
1678,-402.0924000067,-620.0000000000
1679,-314.5338995834,-620.0000000000
1680,-257.0777004200,-620.0000000000
1681,-363.7490000000,-620.0000000000
1682,-361.1623000000,-620.0000000000
1683,-527.4025995834,-620.0000000000
1684,-590.2865000067,-620.0000000000
1685,-620.0000000000,-620.0000000000
1686,-620.0000000000,-620.0000000000
1687,-620.0000000000,-620.0000000000
1688,-620.0000000000,-620.0000000000
1689,-620.0000000000,-620.0000000000
1690,-620.0000000000,-620.0000000000
1691,-620.0000000000,-620.0000000000
1692,-620.0000000000,-620.0000000000
1693,-620.0000000000,-620.0000000000
1694,-620.0000000000,-620.0000000000
1695,-620.0000000000,-620.0000000000
1696,-620.0000000000,-620.0000000000
1697,-620.0000000000,-620.0000000000
1698,-620.0000000000,-620.0000000000
1699,-620.0000000000,-620.0000000000
1700,-610.6376995767,-620.0000000000
1701,-493.0043995667,-620.0000000000
1702,-383.0918008399,-620.0000000000
1703,-390.6308999933,-620.0000000000
1704,-319.1343995767,-620.0000000000
1705,-299.3613991601,-620.0000000000
1706,-383.9062000000,-620.0000000000
1707,-503.1611008499,-620.0000000000
1708,-592.4828004233,-620.0000000000
1709,-620.0000000000,-620.0000000000
1710,-620.0000000000,-620.0000000000
1711,-620.0000000000,-620.0000000000
1712,-620.0000000000,-620.0000000000
1713,-620.0000000000,-620.0000000000
1714,-620.0000000000,-620.0000000000
1715,-620.0000000000,-620.0000000000
1716,-620.0000000000,-620.0000000000
1717,-620.0000000000,-620.0000000000
1718,-620.0000000000,-620.0000000000
1719,-620.0000000000,-620.0000000000
1720,-620.0000000000,-620.0000000000
1721,-620.0000000000,-620.0000000000
1722,-620.0000000000,-620.0000000000
1723,-620.0000000000,-620.0000000000
1724,-603.8178000000,-620.0000000000
1725,-521.5765995667,-620.0000000000
1726,-361.3829012665,-620.0000000000
1727,-290.9151000100,-620.0000000000
1728,-325.4035004166,-620.0000000000
1729,-314.0044995867,-620.0000000000
1730,-398.1879008432,-620.0000000000
1731,-488.1238008399,-620.0000000000
1732,-589.4815004233,-620.0000000000
1733,-620.0000000000,-620.0000000000
1734,-620.0000000000,-620.0000000000
1735,-620.0000000000,-620.0000000000
1736,-620.0000000000,-620.0000000000
1737,-620.0000000000,-620.0000000000
1738,-620.0000000000,-620.0000000000
1739,-620.0000000000,-620.0000000000
1740,-620.0000000000,-620.0000000000
1741,-620.0000000000,-620.0000000000
1742,-620.0000000000,-620.0000000000
1743,-620.0000000000,-620.0000000000
1744,-620.0000000000,-620.0000000000
1745,-620.0000000000,-620.0000000000
1746,-620.0000000000,-620.0000000000
1747,-620.0000000000,-620.0000000000
1748,-620.0000000000,-620.0000000000
1749,-500.9065004166,-620.0000000000
1750,-402.2210995834,-620.0000000000
1751,-389.5984008499,-620.0000000000
1752,-306.7721991501,-620.0000000000
1753,-288.5900004333,-620.0000000000
1754,-400.0370000100,-620.0000000000
1755,-423.1607004133,-620.0000000000
1756,-612.5742004233,-620.0000000000
1757,-620.0000000000,-620.0000000000
1758,-620.0000000000,-620.0000000000
1759,-620.0000000000,-620.0000000000
1760,-620.0000000000,-620.0000000000
1761,-620.0000000000,-620.0000000000
1762,-620.0000000000,-620.0000000000
1763,-620.0000000000,-620.0000000000
1764,-620.0000000000,-620.0000000000
1765,-620.0000000000,-620.0000000000
1766,-620.0000000000,-620.0000000000
1767,-620.0000000000,-620.0000000000
1768,-620.0000000000,-620.0000000000
1769,-620.0000000000,-620.0000000000
1770,-620.0000000000,-620.0000000000
1771,-620.0000000000,-620.0000000000
1772,-614.3587995767,-620.0000000000
1773,-570.2734004266,-620.0000000000
1774,-390.0175995734,-620.0000000000
1775,-294.1572004133,-620.0000000000
1776,-298.3034000067,-620.0000000000
1777,-365.7852991501,-620.0000000000
1778,-311.0274008432,-620.0000000000
1779,-580.1102995767,-620.0000000000
1780,-605.7915995767,-620.0000000000
1781,-620.0000000000,-620.0000000000
1782,-620.0000000000,-620.0000000000
1783,-620.0000000000,-620.0000000000
1784,-620.0000000000,-620.0000000000
1785,-620.0000000000,-620.0000000000
1786,-620.0000000000,-620.0000000000
1787,-620.0000000000,-620.0000000000
1788,-620.0000000000,-620.0000000000
1789,-620.0000000000,-620.0000000000
1790,-620.0000000000,-620.0000000000
1791,-620.0000000000,-620.0000000000
1792,-620.0000000000,-620.0000000000
1793,-620.0000000000,-620.0000000000
1794,-620.0000000000,-620.0000000000
1795,-620.0000000000,-620.0000000000
1796,-591.1015995834,-620.0000000000
1797,-456.5489008432,-620.0000000000
1798,-438.3629008399,-620.0000000000
1799,-371.1951004266,-620.0000000000
1800,-348.4929995767,-620.0000000000
1801,-329.6941008499,-620.0000000000
1802,-392.9399000100,-620.0000000000
1803,-487.5195000000,-619.9999984518
1804,-620.0000000000,-620.0000000000
1805,-620.0000000000,-620.0000000000
1806,-620.0000000000,-620.0000000000
1807,-620.0000000000,-620.0000000000
1808,-620.0000000000,-620.0000000000
1809,-620.0000000000,-620.0000000000
1810,-620.0000000000,-620.0000000000
1811,-620.0000000000,-620.0000000000
1812,-620.0000000000,-620.0000000000
1813,-620.0000000000,-620.0000000000
1814,-620.0000000000,-620.0000000000
1815,-620.0000000000,-620.0000000000
1816,-620.0000000000,-620.0000000000
1817,-620.0000000000,-620.0000000000
1818,-620.0000000000,-620.0000000000
1819,-620.0000000000,-620.0000000000
1820,-620.0000000000,-620.0000000000
1821,-546.1758008399,-620.0000000000
1822,-391.9275004266,-620.0000000000
1823,-344.7964999933,-620.0000000000
1824,-263.0388008432,-620.0000000000
1825,-297.3375000100,-620.0000000000
1826,-435.5697000000,-620.0000000000
1827,-500.1723000067,-620.0000000000
1828,-616.1937000000,-620.0000000000
1829,-620.0000000000,-620.0000000000
1830,-620.0000000000,-620.0000000000
1831,-620.0000000000,-620.0000000000
1832,-620.0000000000,-620.0000000000
1833,-620.0000000000,-620.0000000000
1834,-620.0000000000,-620.0000000000
1835,-620.0000000000,-620.0000000000
1836,-620.0000000000,-620.0000000000
1837,-620.0000000000,-620.0000000000
1838,-620.0000000000,-620.0000000000
1839,-620.0000000000,-620.0000000000
1840,-620.0000000000,-620.0000000000
1841,-620.0000000000,-620.0000000000
1842,-620.0000000000,-620.0000000000
1843,-620.0000000000,-620.0000000000
1844,-614.1775004166,-620.0000000000
1845,-540.2540004266,-620.0000000000
1846,-406.9471991568,-620.0000000000
1847,-315.9550000067,-620.0000000000
1848,-306.4642004133,-620.0000000000
1849,-315.3859004133,-620.0000000000
1850,-410.3517991568,-620.0000000000
1851,-508.0386008499,-620.0000000000
1852,-601.5402995767,-620.0000000000
1853,-620.0000000000,-620.0000000000
1854,-620.0000000000,-620.0000000000
1855,-620.0000000000,-620.0000000000
1856,-620.0000000000,-620.0000000000
1857,-620.0000000000,-620.0000000000
1858,-620.0000000000,-620.0000000000
1859,-620.0000000000,-620.0000000000
1860,-620.0000000000,-620.0000000000
1861,-620.0000000000,-620.0000000000
1862,-620.0000000000,-620.0000000000
1863,-620.0000000000,-620.0000000000
1864,-620.0000000000,-620.0000000000
1865,-620.0000000000,-620.0000000000
1866,-620.0000000000,-620.0000000000
1867,-620.0000000000,-620.0000000000
1868,-616.0478995767,-620.0000000000
1869,-472.0576995767,-620.0000000000
1870,-402.6399004333,-620.0000000000
1871,-285.3616999933,-620.0000000000
1872,-287.5572008499,-593.4571995767
1873,-354.7496999900,-620.0000000000
1874,-388.8749000100,-620.0000000000
1875,-521.5233000100,-620.0000000000
1876,-620.0000000000,-620.0000000000
1877,-620.0000000000,-620.0000000000
1878,-620.0000000000,-620.0000000000
1879,-620.0000000000,-620.0000000000
1880,-620.0000000000,-620.0000000000
1881,-620.0000000000,-620.0000000000
1882,-620.0000000000,-620.0000000000
1883,-620.0000000000,-620.0000000000
1884,-620.0000000000,-620.0000000000
1885,-620.0000000000,-620.0000000000
1886,-620.0000000000,-620.0000000000
1887,-620.0000000000,-620.0000000000
1888,-620.0000000000,-620.0000000000
1889,-620.0000000000,-620.0000000000
1890,-620.0000000000,-620.0000000000
1891,-620.0000000000,-620.0000000000
1892,-606.7261004233,-620.0000000000
1893,-553.7140004333,-620.0000000000
1894,-438.0905995834,-620.0000000000
1895,-339.1110008399,-620.0000000000
1896,-259.4658991568,-620.0000000000
1897,-318.7037995667,-620.0000000000
1898,-438.3811004333,-620.0000000000
1899,-522.0968991568,-620.0000000000
1900,-611.2750000000,-620.0000000000
1901,-620.0000000000,-620.0000000000
1902,-620.0000000000,-620.0000000000
1903,-620.0000000000,-620.0000000000
1904,-620.0000000000,-620.0000000000
1905,-620.0000000000,-620.0000000000
1906,-620.0000000000,-620.0000000000
1907,-620.0000000000,-620.0000000000
1908,-620.0000000000,-620.0000000000
1909,-620.0000000000,-620.0000000000
1910,-620.0000000000,-620.0000000000
1911,-620.0000000000,-620.0000000000
1912,-620.0000000000,-620.0000000000
1913,-620.0000000000,-620.0000000000
1914,-620.0000000000,-620.0000000000
1915,-620.0000000000,-620.0000000000
1916,-620.0000000000,-620.0000000000
1917,-512.0203991601,-620.0000000000
1918,-358.1091000000,-620.0000000000
1919,-294.8441008399,-620.0000000000
1920,-238.4724004166,-620.0000000000
1921,-263.9637000100,-620.0000000000
1922,-397.1832008399,-620.0000000000
1923,-564.0661000100,-602.0321004233
1924,-608.7642000000,-608.7642000000
1925,-620.0000000000,-620.0000000000
1926,-620.0000000000,-620.0000000000
1927,-620.0000000000,-620.0000000000
1928,-620.0000000000,-620.0000000000
1929,-620.0000000000,-620.0000000000
1930,-620.0000000000,-620.0000000000
1931,-620.0000000000,-620.0000000000
1932,-620.0000000000,-620.0000000000
1933,-620.0000000000,-620.0000000000
1934,-620.0000000000,-620.0000000000
1935,-620.0000000000,-620.0000000000
1936,-620.0000000000,-620.0000000000
1937,-620.0000000000,-620.0000000000
1938,-620.0000000000,-620.0000000000
1939,-620.0000000000,-620.0000000000
1940,-586.1482004166,-620.0000000000
1941,-531.6916995800,-620.0000000000
1942,-384.8379004333,-620.0000000000
1943,-377.7720004166,-620.0000000000
1944,-281.3105004166,-620.0000000000
1945,-344.2898000100,-620.0000000000
1946,-415.0010008499,-620.0000000000
1947,-510.7461008432,-620.0000000000
1948,-620.0000000000,-620.0000000000
1949,-620.0000000000,-620.0000000000
1950,-620.0000000000,-620.0000000000
1951,-620.0000000000,-620.0000000000
1952,-620.0000000000,-620.0000000000
1953,-620.0000000000,-620.0000000000
1954,-620.0000000000,-620.0000000000
1955,-620.0000000000,-620.0000000000
1956,-620.0000000000,-620.0000000000
1957,-620.0000000000,-620.0000000000
1958,-620.0000000000,-620.0000000000
1959,-620.0000000000,-620.0000000000
1960,-620.0000000000,-620.0000000000
1961,-620.0000000000,-620.0000000000
1962,-620.0000000000,-620.0000000000
1963,-620.0000000000,-620.0000000000
1964,-614.9429995767,-620.0000000000
1965,-535.4002995834,-620.0000000000
1966,-359.2838008432,-620.0000000000
1967,-296.9478004166,-620.0000000000
1968,-256.4370004233,-620.0000000000
1969,-340.1084012665,-620.0000000000
1970,-344.5947995834,-620.0000000000
1971,-461.0102004166,-620.0000000000
1972,-620.0000000000,-620.0000000000
1973,-620.0000000000,-620.0000000000
1974,-620.0000000000,-620.0000000000
1975,-620.0000000000,-620.0000000000
1976,-620.0000000000,-620.0000000000
1977,-620.0000000000,-620.0000000000
1978,-620.0000000000,-620.0000000000
1979,-620.0000000000,-620.0000000000
1980,-620.0000000000,-620.0000000000
1981,-620.0000000000,-620.0000000000
1982,-620.0000000000,-620.0000000000
1983,-620.0000000000,-620.0000000000
1984,-620.0000000000,-620.0000000000
1985,-620.0000000000,-620.0000000000
1986,-620.0000000000,-620.0000000000
1987,-620.0000000000,-620.0000000000
1988,-598.6400004166,-620.0000000000
1989,-514.6258000000,-620.0000000000
1990,-403.4689008399,-620.0000000000
1991,-310.3817008499,-620.0000000000
1992,-285.7504012665,-610.1347012699
1993,-336.7544000033,-620.0000000000
1994,-377.1937995834,-620.0000000000
1995,-515.2090004233,-620.0000000000
1996,-620.0000000000,-620.0000000000
1997,-620.0000000000,-620.0000000000
1998,-620.0000000000,-620.0000000000
1999,-620.0000000000,-620.0000000000
2000,-620.0000000000,-620.0000000000
2001,-620.0000000000,-620.0000000000
2002,-620.0000000000,-620.0000000000
2003,-620.0000000000,-620.0000000000
2004,-620.0000000000,-620.0000000000
2005,-620.0000000000,-620.0000000000
2006,-620.0000000000,-620.0000000000
2007,-620.0000000000,-620.0000000000
2008,-620.0000000000,-620.0000000000
2009,-620.0000000000,-620.0000000000
2010,-620.0000000000,-620.0000000000
2011,-620.0000000000,-620.0000000000
2012,-571.4452004233,-620.0000000000
2013,-483.9641995667,-620.0000000000
2014,-425.1271008399,-620.0000000000
2015,-310.3136995867,-620.0000000000
2016,-249.1130995734,-620.0000000000
2017,-339.4095995834,-620.0000000000
2018,-366.4438991601,-620.0000000000
2019,-529.8516995834,-620.0000000000
2020,-614.7332000000,-620.0000000000
2021,-620.0000000000,-620.0000000000
2022,-620.0000000000,-620.0000000000
2023,-620.0000000000,-620.0000000000
2024,-620.0000000000,-620.0000000000
2025,-620.0000000000,-620.0000000000
2026,-620.0000000000,-620.0000000000
2027,-620.0000000000,-620.0000000000
2028,-620.0000000000,-620.0000000000
2029,-620.0000000000,-620.0000000000
2030,-620.0000000000,-620.0000000000
2031,-620.0000000000,-620.0000000000
2032,-620.0000000000,-620.0000000000
2033,-620.0000000000,-620.0000000000
2034,-620.0000000000,-620.0000000000
2035,-620.0000000000,-620.0000000000
2036,-602.4899995834,-620.0000000000
2037,-543.9464004233,-620.0000000000
2038,-368.3194991501,-620.0000000000
2039,-304.8786995767,-620.0000000000
2040,-220.0019995834,-567.4174987501
2041,-370.1242000000,-620.0000000000
2042,-384.4189995767,-620.0000000000
2043,-497.3120004266,-620.0000000000
2044,-612.4749995834,-620.0000000000
2045,-620.0000000000,-620.0000000000
2046,-620.0000000000,-620.0000000000
2047,-620.0000000000,-620.0000000000
2048,-620.0000000000,-620.0000000000
2049,-620.0000000000,-620.0000000000
2050,-620.0000000000,-620.0000000000
2051,-620.0000000000,-620.0000000000
2052,-620.0000000000,-620.0000000000
2053,-620.0000000000,-620.0000000000
2054,-620.0000000000,-620.0000000000
2055,-620.0000000000,-620.0000000000
2056,-620.0000000000,-620.0000000000
2057,-620.0000000000,-620.0000000000
2058,-620.0000000000,-620.0000000000
2059,-620.0000000000,-620.0000000000
2060,-606.3474004233,-620.0000000000
2061,-557.4597004333,-620.0000000000
2062,-381.3913995800,-620.0000000000
2063,-327.2642004233,-620.0000000000
2064,-279.6462004266,-620.0000000000
2065,-274.9942987335,-620.0000000000
2066,-436.3508995800,-620.0000000000
2067,-526.3289995767,-620.0000000000
2068,-620.0000000000,-620.0000000000
2069,-620.0000000000,-620.0000000000
2070,-620.0000000000,-620.0000000000
2071,-620.0000000000,-620.0000000000
2072,-620.0000000000,-620.0000000000
2073,-620.0000000000,-620.0000000000
2074,-620.0000000000,-620.0000000000
2075,-620.0000000000,-620.0000000000
2076,-620.0000000000,-620.0000000000
2077,-620.0000000000,-620.0000000000
2078,-620.0000000000,-620.0000000000
2079,-620.0000000000,-620.0000000000
2080,-620.0000000000,-620.0000000000
2081,-620.0000000000,-620.0000000000
2082,-620.0000000000,-620.0000000000
2083,-620.0000000000,-620.0000000000
2084,-620.0000000000,-620.0000000000
2085,-508.4632004200,-620.0000000000
2086,-417.6898000100,-620.0000000000
2087,-303.6049995834,-620.0000000000
2088,-283.1911000033,-620.0000000000
2089,-321.2345995667,-620.0000000000
2090,-401.5893000000,-620.0000000000
2091,-456.5352004266,-620.0000000000
2092,-600.7886000000,-620.0000000000
2093,-620.0000000000,-620.0000000000
2094,-620.0000000000,-620.0000000000
2095,-620.0000000000,-620.0000000000
2096,-620.0000000000,-620.0000000000
2097,-620.0000000000,-620.0000000000
2098,-620.0000000000,-620.0000000000
2099,-620.0000000000,-620.0000000000
2100,-620.0000000000,-620.0000000000
2101,-620.0000000000,-620.0000000000
2102,-620.0000000000,-620.0000000000
2103,-620.0000000000,-620.0000000000
2104,-620.0000000000,-620.0000000000
2105,-620.0000000000,-620.0000000000
2106,-620.0000000000,-620.0000000000
2107,-620.0000000000,-620.0000000000
2108,-620.0000000000,-620.0000000000
2109,-527.3740995867,-620.0000000000
2110,-344.2895004233,-620.0000000000
2111,-331.5678004166,-620.0000000000
2112,-294.6268000000,-620.0000000000
2113,-286.9710004133,-620.0000000000
2114,-401.3629004233,-620.0000000000
2115,-540.5170987335,-620.0000000000
2116,-592.9000000000,-620.0000000000
2117,-620.0000000000,-620.0000000000
2118,-620.0000000000,-620.0000000000
2119,-620.0000000000,-620.0000000000
2120,-620.0000000000,-620.0000000000
2121,-620.0000000000,-620.0000000000
2122,-620.0000000000,-620.0000000000
2123,-620.0000000000,-620.0000000000
2124,-620.0000000000,-620.0000000000
2125,-620.0000000000,-620.0000000000
2126,-620.0000000000,-620.0000000000
2127,-620.0000000000,-620.0000000000
2128,-620.0000000000,-620.0000000000
2129,-620.0000000000,-620.0000000000
2130,-620.0000000000,-620.0000000000
2131,-620.0000000000,-620.0000000000
2132,-620.0000000000,-620.0000000000
2133,-555.4621008399,-620.0000000000
2134,-416.8289999900,-620.0000000000
2135,-343.8829995667,-620.0000000000
2136,-323.3768991568,-620.0000000000
2137,-288.2460995667,-620.0000000000
2138,-413.4113004200,-620.0000000000
2139,-550.9177004233,-620.0000000000
2140,-592.1927004233,-620.0000000000
2141,-620.0000000000,-620.0000000000
2142,-620.0000000000,-620.0000000000
2143,-620.0000000000,-620.0000000000
2144,-620.0000000000,-620.0000000000
2145,-620.0000000000,-620.0000000000
2146,-620.0000000000,-620.0000000000
2147,-620.0000000000,-620.0000000000
2148,-620.0000000000,-620.0000000000
2149,-620.0000000000,-620.0000000000
2150,-620.0000000000,-620.0000000000
2151,-620.0000000000,-620.0000000000
2152,-620.0000000000,-620.0000000000
2153,-620.0000000000,-620.0000000000
2154,-620.0000000000,-620.0000000000
2155,-620.0000000000,-620.0000000000
2156,-620.0000000000,-620.0000000000
2157,-539.3710008432,-620.0000000000
2158,-454.7473008499,-620.0000000000
2159,-296.4797999900,-620.0000000000
2160,-284.7181991601,-620.0000000000
2161,-309.4637991601,-620.0000000000
2162,-406.3554000000,-620.0000000000
2163,-406.7868012665,-620.0000000000
2164,-620.0000000000,-620.0000000000
2165,-620.0000000000,-620.0000000000
2166,-620.0000000000,-620.0000000000
2167,-620.0000000000,-620.0000000000
2168,-620.0000000000,-620.0000000000
2169,-620.0000000000,-620.0000000000
2170,-620.0000000000,-620.0000000000
2171,-620.0000000000,-620.0000000000
2172,-620.0000000000,-620.0000000000
2173,-620.0000000000,-620.0000000000
2174,-620.0000000000,-620.0000000000
2175,-620.0000000000,-620.0000000000
2176,-620.0000000000,-620.0000000000
2177,-620.0000000000,-620.0000000000
2178,-620.0000000000,-620.0000000000
2179,-620.0000000000,-620.0000000000
2180,-607.9150000000,-620.0000000000
2181,-539.3981000067,-620.0000000000
2182,-410.3305987335,-620.0000000000
2183,-333.9747999967,-620.0000000000
2184,-289.1611004333,-620.0000000000
2185,-344.3426004266,-620.0000000000
2186,-390.5103995767,-620.0000000000
2187,-511.8067000100,-620.0000000000
2188,-619.5250000000,-620.0000000000
2189,-620.0000000000,-620.0000000000
2190,-620.0000000000,-620.0000000000
2191,-620.0000000000,-620.0000000000
2192,-620.0000000000,-620.0000000000
2193,-620.0000000000,-620.0000000000
2194,-620.0000000000,-620.0000000000
2195,-620.0000000000,-620.0000000000
2196,-620.0000000000,-620.0000000000
2197,-620.0000000000,-620.0000000000
2198,-620.0000000000,-620.0000000000
2199,-620.0000000000,-620.0000000000
2200,-620.0000000000,-620.0000000000
2201,-620.0000000000,-620.0000000000
2202,-620.0000000000,-620.0000000000
2203,-620.0000000000,-620.0000000000
2204,-586.5839004233,-620.0000000000
2205,-496.5169995767,-620.0000000000
2206,-339.8494999933,-620.0000000000
2207,-352.2841995667,-620.0000000000
2208,-249.8426008399,-620.0000000000
2209,-295.2477008499,-620.0000000000
2210,-426.9298995767,-620.0000000000
2211,-497.8594991568,-620.0000000000
2212,-599.8000004166,-620.0000000000
2213,-620.0000000000,-620.0000000000
2214,-620.0000000000,-620.0000000000
2215,-620.0000000000,-620.0000000000
2216,-620.0000000000,-620.0000000000
2217,-620.0000000000,-620.0000000000
2218,-620.0000000000,-620.0000000000
2219,-620.0000000000,-620.0000000000
2220,-620.0000000000,-620.0000000000
2221,-620.0000000000,-620.0000000000
2222,-620.0000000000,-620.0000000000
2223,-620.0000000000,-620.0000000000
2224,-620.0000000000,-620.0000000000
2225,-620.0000000000,-620.0000000000
2226,-620.0000000000,-620.0000000000
2227,-620.0000000000,-620.0000000000
2228,-620.0000000000,-620.0000000000
2229,-552.1553991601,-620.0000000000
2230,-437.9506995767,-620.0000000000
2231,-278.6231000100,-620.0000000000
2232,-303.0701000000,-620.0000000000
2233,-293.1609008499,-620.0000000000
2234,-391.0975004266,-620.0000000000
2235,-505.3521000033,-620.0000000000
2236,-597.0740004233,-620.0000000000
2237,-620.0000000000,-620.0000000000
2238,-620.0000000000,-620.0000000000
2239,-620.0000000000,-620.0000000000
2240,-620.0000000000,-620.0000000000
2241,-620.0000000000,-620.0000000000
2242,-620.0000000000,-620.0000000000
2243,-620.0000000000,-620.0000000000
2244,-620.0000000000,-620.0000000000
2245,-620.0000000000,-620.0000000000
2246,-620.0000000000,-620.0000000000
2247,-620.0000000000,-620.0000000000
2248,-620.0000000000,-620.0000000000
2249,-620.0000000000,-620.0000000000
2250,-620.0000000000,-620.0000000000
2251,-620.0000000000,-620.0000000000
2252,-620.0000000000,-620.0000000000
2253,-518.5600999900,-620.0000000000
2254,-328.5204991501,-620.0000000000
2255,-337.6286000000,-620.0000000000
2256,-281.5473995734,-620.0000000000
2257,-288.2611999933,-620.0000000000
2258,-369.4011991501,-620.0000000000
2259,-489.5505004166,-620.0000000000
2260,-620.0000000000,-620.0000000000
2261,-620.0000000000,-620.0000000000
2262,-620.0000000000,-620.0000000000
2263,-620.0000000000,-620.0000000000
2264,-620.0000000000,-620.0000000000
2265,-620.0000000000,-620.0000000000
2266,-620.0000000000,-620.0000000000
2267,-620.0000000000,-620.0000000000
2268,-620.0000000000,-620.0000000000
2269,-620.0000000000,-620.0000000000
2270,-620.0000000000,-620.0000000000
2271,-620.0000000000,-620.0000000000
2272,-620.0000000000,-620.0000000000
2273,-620.0000000000,-620.0000000000
2274,-620.0000000000,-620.0000000000
2275,-620.0000000000,-620.0000000000
2276,-620.0000000000,-620.0000000000
2277,-537.3010991568,-620.0000000000
2278,-312.8340991568,-620.0000000000
2279,-337.6699999967,-620.0000000000
2280,-328.4102991568,-620.0000000000
2281,-317.1319004166,-620.0000000000
2282,-405.6136999967,-620.0000000000
2283,-491.0646995800,-620.0000000000
2284,-620.0000000000,-620.0000000000
2285,-620.0000000000,-620.0000000000
2286,-620.0000000000,-620.0000000000
2287,-620.0000000000,-620.0000000000
2288,-620.0000000000,-620.0000000000
2289,-620.0000000000,-620.0000000000
2290,-620.0000000000,-620.0000000000
2291,-620.0000000000,-620.0000000000
2292,-620.0000000000,-620.0000000000
2293,-620.0000000000,-620.0000000000
2294,-620.0000000000,-620.0000000000
2295,-620.0000000000,-620.0000000000
2296,-620.0000000000,-620.0000000000
2297,-620.0000000000,-620.0000000000
2298,-620.0000000000,-620.0000000000
2299,-620.0000000000,-620.0000000000
2300,-620.0000000000,-620.0000000000
2301,-499.9368991501,-620.0000000000
2302,-422.0367991601,-620.0000000000
2303,-320.9365000033,-620.0000000000
2304,-335.6521004333,-620.0000000000
2305,-267.2752004233,-620.0000000000
2306,-397.6877000067,-620.0000000000
2307,-509.5113004166,-620.0000000000
2308,-606.9354000000,-620.0000000000
2309,-620.0000000000,-620.0000000000
2310,-620.0000000000,-620.0000000000
2311,-620.0000000000,-620.0000000000
2312,-620.0000000000,-620.0000000000
2313,-620.0000000000,-620.0000000000
2314,-620.0000000000,-620.0000000000
2315,-620.0000000000,-620.0000000000
2316,-620.0000000000,-620.0000000000
2317,-620.0000000000,-620.0000000000
2318,-620.0000000000,-620.0000000000
2319,-620.0000000000,-620.0000000000
2320,-620.0000000000,-620.0000000000
2321,-620.0000000000,-620.0000000000
2322,-620.0000000000,-620.0000000000
2323,-620.0000000000,-620.0000000000
2324,-619.5404004233,-620.0000000000
2325,-512.2995008399,-620.0000000000
2326,-445.4186000000,-620.0000000000
2327,-325.5006995734,-620.0000000000
2328,-295.6859995834,-620.0000000000
2329,-291.3822999900,-620.0000000000
2330,-386.0448004233,-620.0000000000
2331,-533.5034004166,-620.0000000000
2332,-615.0375004166,-620.0000000000
2333,-620.0000000000,-620.0000000000
2334,-620.0000000000,-620.0000000000
2335,-620.0000000000,-620.0000000000
2336,-620.0000000000,-620.0000000000
2337,-620.0000000000,-620.0000000000
2338,-620.0000000000,-620.0000000000
2339,-620.0000000000,-620.0000000000
2340,-620.0000000000,-620.0000000000
2341,-620.0000000000,-620.0000000000
2342,-620.0000000000,-620.0000000000
2343,-620.0000000000,-620.0000000000
2344,-620.0000000000,-620.0000000000
2345,-620.0000000000,-620.0000000000
2346,-620.0000000000,-620.0000000000
2347,-620.0000000000,-620.0000000000
2348,-620.0000000000,-620.0000000000
2349,-554.5741995800,-620.0000000000
2350,-390.5660000000,-620.0000000000
2351,-330.1525004133,-620.0000000000
2352,-308.3161999967,-620.0000000000
2353,-314.2237004166,-620.0000000000
2354,-367.3851000000,-620.0000000000
2355,-521.9023995734,-620.0000000000
2356,-620.0000000000,-620.0000000000
2357,-620.0000000000,-620.0000000000
2358,-620.0000000000,-620.0000000000
2359,-620.0000000000,-620.0000000000
2360,-620.0000000000,-620.0000000000
2361,-620.0000000000,-620.0000000000
2362,-620.0000000000,-620.0000000000
2363,-620.0000000000,-620.0000000000
2364,-620.0000000000,-620.0000000000
2365,-620.0000000000,-620.0000000000
2366,-620.0000000000,-620.0000000000
2367,-620.0000000000,-620.0000000000
2368,-620.0000000000,-620.0000000000
2369,-620.0000000000,-620.0000000000
2370,-620.0000000000,-620.0000000000
2371,-620.0000000000,-620.0000000000
2372,-620.0000000000,-620.0000000000
2373,-527.9939991601,-620.0000000000
2374,-449.3562995834,-620.0000000000
2375,-354.3648999900,-620.0000000000
2376,-294.5922995800,-620.0000000000
2377,-321.4464991568,-620.0000000000
2378,-398.1307008499,-620.0000000000
2379,-512.8473004233,-620.0000000000
2380,-619.1125004166,-620.0000000000
2381,-620.0000000000,-620.0000000000
2382,-620.0000000000,-620.0000000000
2383,-620.0000000000,-620.0000000000
2384,-620.0000000000,-620.0000000000
2385,-620.0000000000,-620.0000000000
2386,-620.0000000000,-620.0000000000
2387,-620.0000000000,-620.0000000000
2388,-620.0000000000,-620.0000000000
2389,-620.0000000000,-620.0000000000
2390,-620.0000000000,-620.0000000000
2391,-620.0000000000,-620.0000000000
2392,-620.0000000000,-620.0000000000
2393,-620.0000000000,-620.0000000000
2394,-620.0000000000,-620.0000000000
2395,-620.0000000000,-620.0000000000
2396,-620.0000000000,-620.0000000000
2397,-526.9093000000,-620.0000000000
2398,-382.6903999900,-620.0000000000
2399,-307.2310999900,-620.0000000000
2400,-82.4038029100,-541.3300512433
2401,-309.8369837500,-620.0000000000
2402,-499.6163537500,-620.0000000000
2403,-583.4962500000,-620.0000000000
2404,-620.0000000000,-620.0000000000
2405,-620.0000000000,-620.0000000000
2406,-620.0000000000,-620.0000000000
